Symbol,HomeExg
A,NYSE
AA,NYSE
AAAA/TEST,AMEX
AAAP,NQNM
AAC,NYSE
AADR,PACF
AAL,NQNM
AAMC,AMEX
AAME,NQNM
AAN,NYSE
AAOI,NQNM
AAON,NQNM
AAP,NYSE
AAPL,NQNM
AAT,NYSE
AAU,AMEX
AAV,NYSE
AAWW,NQNM
AAXJ,NQNM
AB,NYSE
ABAC,NQSC
ABAX,NQNM
ABB,NYSE
ABBV,NYSE
ABC,NYSE
ABCB,NQNM
ABCD,NQSC
ABCO,NQNM
ABDC,NQNM
ABE,AMEX
ABEO,NQSC
ABEOW,NQSC
ABEV,NYSE
ABG,NYSE
ABIL,NQSC
ABIO,NQSC
ABM,NYSE
ABMD,NQNM
ABR,NYSE
ABR.PR.A,NYSE
ABR.PR.B,NYSE
ABR.PR.C,NYSE
ABRN,NYSE
ABT,NYSE
ABTL,NQSC
ABTX,NQNM
ABUS,NQNM
ABX,NYSE
ABY,NQNM
AC,NYSE
ACAD,NQNM
ACAT,NQNM
ACBI,NQNM
ACC,NYSE
ACCO,NYSE
ACET,NQNM
ACFC,NQNM
ACGL,NQNM
ACGLP,NQNM
ACH,NYSE
ACHC,NQNM
ACHN,NQNM
ACIA,NQNM
ACIM,PACF
ACIU,NQNM
ACIW,NQNM
ACLS,NQNM
ACLZ,NQBB
ACM,NYSE
ACN,NYSE
ACNB,NQSC
ACOR,NQNM
ACP,NYSE
ACRE,NYSE
ACRS,NQNM
ACRX,NQNM
ACSF,NQNM
ACSI,BATS
ACST,NQSC
ACTA,NQNM
ACTG,NQNM
ACTX,NQNM
ACU,AMEX
ACUR,NQSC
ACV,NYSE
ACWF,PACF
ACWI,NQNM
ACWV,PACF
ACWX,NQNM
ACXM,NQNM
ACY,AMEX
ADAP,NQNM
ADBE,NQNM
ADC,NYSE
ADES,NQNM
ADGE,AMEX
ADHD,NQNM
ADI,NQNM
ADK,AMEX
ADK.PR.A,AMEX
ADM,NYSE
ADMA,NQSC
ADMP,NQSC
ADMS,NQNM
ADNT,NYSE
ADP,NQNM
ADPT,NYSE
ADRA,NQNM
ADRD,NQNM
ADRE,NQNM
ADRO,NQNM
ADRU,NQNM
ADS,NYSE
ADSK,NQNM
ADSW,NYSE
ADTN,NQNM
ADUS,NQNM
ADVM,NQNM
ADX,NYSE
ADXS,NQSC
ADXSW,NQSC
AE,AMEX
AEB,NYSE
AED,NYSE
AEE,NYSE
AEG,NYSE
AEGN,NQNM
AEH,NYSE
AEHR,NQSC
AEIS,NQNM
AEK,NYSE
AEL,NYSE
AEM,NYSE
AEMD,NQSC
AEO,NYSE
AEP,NYSE
AEPI,NQNM
AER,NYSE
AERI,NQNM
AES,NYSE
AES.PR.C,NYSE
AET,NYSE
AETI,NQSC
AEUA,NYSE
AEY,NQNM
AEZS,NQSC
AF,NYSE
AF.PR.C,NYSE
AFA,NYSE
AFAM,NQNM
AFB,NYSE
AFC,NYSE
AFCO,AMEX
AFG,NYSE
AFGE,NYSE
AFGH,NYSE
AFH,NQSC
AFI,NYSE
AFK,PACF
AFL,NYSE
AFMD,NQNM
AFSD,NYSE
AFSI,NQNM
AFSI.PR.A,NYSE
AFSI.PR.B,NYSE
AFSI.PR.C,NYSE
AFSI.PR.D,NYSE
AFSI.PR.E,NYSE
AFSI.PR.F,NYSE
AFSS,NYSE
AFST,NYSE
AFT,NYSE
AFTY,PACF
AFW,NYSE
AG,NYSE
AGC,NYSE
AGCO,NYSE
AGD,NYSE
AGEN,NQSC
AGFS,NQNM
AGFSW,NQNM
AGG,PACF
AGGE,PACF
AGGP,PACF
AGGY,PACF
AGI,NYSE
AGII,NQNM
AGIIL,NQNM
AGIO,NQNM
AGLE,NQNM
AGM,NYSE
AGM.A,NYSE
AGM.PR.A,NYSE
AGM.PR.C,NYSE
AGN,NYSE
AGN.PR.A,NYSE
AGNC,NQNM
AGNCB,NQNM
AGNCP,NQNM
AGND,NQNM
AGO,NYSE
AGO.PR.B,NYSE
AGO.PR.E,NYSE
AGO.PR.F,NYSE
AGQ,PACF
AGR,NYSE
AGRO,NYSE
AGRX,NQNM
AGTC,NQNM
AGU,NYSE
AGX,NYSE
AGYS,NQNM
AGZ,PACF
AGZD,NQNM
AHC,NYSE
AHGP,NQNM
AHH,NYSE
AHL,NYSE
AHL.PR.B,NYSE
AHL.PR.C,NYSE
AHL.PR.D,NYSE
AHP,NYSE
AHP.PR.B,NYSE
AHPI,NQSC
AHT,NYSE
AHT.PR.A,NYSE
AHT.PR.D,NYSE
AHT.PR.F,NYSE
AHT.PR.G,NYSE
AI,NYSE
AIA,NQNM
AIB,NYSE
AIC,NYSE
AIF,NYSE
AIG,NYSE
AIG.WS,NYSE
AIII,AMEX
AIMC,NQNM
AIMT,NQNM
AIN,NYSE
AINC,AMEX
AINV,NQNM
AIQ,NQNM
AIR,NYSE
AIRG,NQSC
AIRI,AMEX
AIRM,NQNM
AIRR,NQNM
AIRT,NQSC
AIT,NYSE
AIV,NYSE
AIV.PR.A,NYSE
AIW,NYSE
AIY,NYSE
AIZ,NYSE
AJG,NYSE
AJRD,NYSE
AJX,NYSE
AKAM,NQNM
AKAO,NQNM
AKBA,NQNM
AKER,NQSC
AKG,AMEX
AKO.A,NYSE
AKO.B,NYSE
AKP,NYSE
AKR,NYSE
AKRX,NQNM
AKS,NYSE
AKTX,NQSC
AL,NYSE
ALB,NYSE
ALBO,NQSC
ALCO,NQNM
ALD,PACF
ALDR,NQNM
ALDW,NYSE
ALDX,NQSC
ALE,NYSE
ALEX,NYSE
ALFA,PACF
ALG,NYSE
ALGN,NQNM
ALGT,NQNM
ALIM,NQNM
ALJ,NYSE
ALJJ,NQNM
ALK,NYSE
ALKS,NQNM
ALL,NYSE
ALL.PR.A,NYSE
ALL.PR.B,NYSE
ALL.PR.C,NYSE
ALL.PR.D,NYSE
ALL.PR.E,NYSE
ALL.PR.F,NYSE
ALLE,NYSE
ALLT,NQNM
ALLY,NYSE
ALLY.PR.A,NYSE
ALN,AMEX
ALNY,NQNM
ALOG,NQNM
ALOT,NQNM
ALP.PR.O,NYSE
ALQA,NQSC
ALR,NYSE
ALRM,NQNM
ALSK,NQNM
ALSN,NYSE
ALTS,BATS
ALTY,NQNM
ALV,NYSE
ALX,NYSE
ALXN,NQNM
AM,NYSE
AMAG,NQNM
AMAT,NQNM
AMBA,NQNM
AMBC,NQNM
AMBCW,NQNM
AMBR,NYSE
AMC,NYSE
AMCC,NQNM
AMCN,NQNM
AMCX,NQNM
AMD,NQSC
AMDA,NQSC
AME,NYSE
AMED,NQNM
AMFW,NYSE
AMG,NYSE
AMGN,NQNM
AMH,NYSE
AMH.PR.A,NYSE
AMH.PR.B,NYSE
AMH.PR.C,NYSE
AMH.PR.D,NYSE
AMH.PR.E,NYSE
AMID,NYSE
AMJ,PACF
AMKR,NQNM
AMLP,PACF
AMMA,NQSC
AMN,NYSE
AMNB,NQNM
AMOT,NQNM
AMOV,NYSE
AMP,NYSE
AMPE,AMEX
AMPH,NQNM
AMRB,NQNM
AMRC,NYSE
AMRI,NQNM
AMRK,NQNM
AMRN,NQNM
AMRS,NQNM
AMS,AMEX
AMSC,NQNM
AMSF,NQNM
AMSWA,NQNM
AMT,NYSE
AMT.PR.A,NYSE
AMT.PR.B,NYSE
AMTD,NQNM
AMTX,NQNM
AMU,PACF
AMWD,NQNM
AMX,NYSE
AMZA,PACF
AMZN,NQNM
AN,NYSE
ANAT,NQNM
ANCB,NQNM
ANCX,NQNM
AND,PACF
ANDAR,NQSC
ANDAU,NQSC
ANDAW,NQSC
ANDE,NQNM
ANET,NYSE
ANF,NYSE
ANFI,NYSE
ANGI,NQNM
ANGL,PACF
ANGO,NQNM
ANH,NYSE
ANH.PR.A,NYSE
ANH.PR.B,NYSE
ANH.PR.C,NYSE
ANIK,NQNM
ANIP,NQNM
ANSS,NQNM
ANTH,NQNM
ANTM,NYSE
ANTX,NYSE
ANW,NYSE
ANY,NQNM
AOA,PACF
AOBC,NQNM
AOD,NYSE
AOI,NYSE
AOK,PACF
AOM,PACF
AON,NYSE
AOR,PACF
AOS,NYSE
AOSL,NQNM
AP,NYSE
APA,NYSE
APAM,NYSE
APB,NYSE
APC,NYSE
APD,NYSE
APDN,NQSC
APDNW,NQSC
APEI,NQNM
APEN,NQNM
APF,NYSE
APFH,NYSE
APH,NYSE
APHB,AMEX
APLE,NYSE
APLP,NQNM
APO,NYSE
APOG,NQNM
APOL,NQNM
APOP,NQSC
APOPW,NQSC
APPF,NQNM
APPS,NQSC
APRI,NQSC
APT,AMEX
APTI,NQNM
APTO,NQSC
APTS,NYSE
APU,NYSE
APVO,NQNM
APWC,NQNM
AQMS,NQSC
AQN,NYSE
AQXP,NQNM
AR,NYSE
ARA,NYSE
ARAY,NQNM
ARC,NYSE
ARCB,NQNM
ARCC,NQNM
ARCH,NYSE
ARCI,NQSC
ARCO,NYSE
ARCW,NQSC
ARCX,NYSE
ARDC,NYSE
ARDM,NQSC
ARDX,NQNM
ARE,NYSE
ARE.PR.E,NYSE
ARES,NYSE
ARES.PR.A,NYSE
AREX,NQNM
ARGS,NQNM
ARGT,PACF
ARH.PR.C,NYSE
ARI,NYSE
ARI.PR.A,NYSE
ARI.PR.C,NYSE
ARIA,NQNM
ARII,NQNM
ARIS,NQSC
ARKG,PACF
ARKK,PACF
ARKQ,PACF
ARKR,NQNM
ARKW,PACF
ARL,NYSE
ARLP,NQNM
ARLZ,NQNM
ARMK,NYSE
ARNA,NQNM
ARNC,NYSE
ARNC.PR,AMEX
ARNC.PR.B,NYSE
AROC,NYSE
AROW,NQNM
ARQL,NQNM
ARR,NYSE
ARR.PR.A,NYSE
ARR.PR.B,NYSE
ARRS,NQNM
ARRY,NQNM
ARTNA,NQNM
ARTW,NQSC
ARTX,NQNM
ARU,NYSE
ARW,NYSE
ARWR,NQNM
ASA,NYSE
ASB,NYSE
ASB.PR.C,NYSE
ASB.PR.D,NYSE
ASB.WS,AMEX
ASBB,NQNM
ASC,NYSE
ASCMA,NQNM
ASEA,PACF
ASET,NQNM
ASFI,NQNM
ASG,NYSE
ASGN,NYSE
ASH,NYSE
ASHR,PACF
ASHS,PACF
ASHX,PACF
ASIX,NYSE
ASM,AMEX
ASMB,NQSC
ASML,NQNM
ASNA,NQNM
ASND,NQNM
ASPN,NYSE
ASPS,NQNM
ASPU,NQBB
ASR,NYSE
ASRV,NQNM
ASRVP,NQNM
AST,AMEX
AST.WS,AMEX
ASTC,NQSC
ASTE,NQNM
ASUR,NQSC
ASX,NYSE
ASYS,NQNM
AT,NYSE
ATAI,NQNM
ATAX,NQNM
ATEC,NQNM
ATEN,NYSE
ATH,NYSE
ATHM,NYSE
ATHN,NQNM
ATHX,NQSC
ATI,NYSE
ATKR,NYSE
ATLC,NQNM
ATLO,NQSC
ATMP,PACF
ATNI,NQNM
ATNM,AMEX
ATO,NYSE
ATOM,NQSC
ATOS,NQSC
ATR,NYSE
ATRA,NQNM
ATRC,NQNM
ATRI,NQNM
ATRO,NQNM
ATRS,NQSC
ATSG,NQNM
ATTO,NYSE
ATTU,NQSC
ATU,NYSE
ATV,NYSE
ATVI,NQNM
ATW,NYSE
AU,NYSE
AUBN,NQNM
AUDC,NQNM
AUMN,AMEX
AUNZ,PACF
AUO,NYSE
AUPH,NQNM
AUSE,PACF
AUY,NYSE
AVA,NYSE
AVAL,NYSE
AVAV,NQNM
AVB,NYSE
AVD,NYSE
AVDL,NQNM
AVEO,NQNM
AVGO,NQNM
AVGR,NQNM
AVH,NYSE
AVHI,NQNM
AVID,NQNM
AVIR,NQNM
AVK,NYSE
AVNW,NQNM
AVP,NYSE
AVT,NYSE
AVX,NYSE
AVXL,NQSC
AVXS,NQNM
AVY,NYSE
AWF,NYSE
AWH,NYSE
AWI,NYSE
AWK,NYSE
AWP,NYSE
AWR,NYSE
AWRE,NQNM
AWX,AMEX
AXAR,NQSC
AXARW,NQSC
AXAS,NQSC
AXDX,NQSC
AXE,NYSE
AXGN,NQSC
AXJL,PACF
AXJV,PACF
AXL,NYSE
AXN,AMEX
AXON,NYSE
AXP,NYSE
AXR,NYSE
AXS,NYSE
AXS.PR.C,NYSE
AXS.PR.D,NYSE
AXS.PR.E,NYSE
AXSM,NQSC
AXTA,NYSE
AXTI,NQNM
AXU,AMEX
AYA,NQNM
AYI,NYSE
AYR,NYSE
AYT,PACF
AZN,NYSE
AZO,NYSE
AZPN,NQNM
AZRE,NYSE
AZRX,NQSC
AZZ,NYSE
B,NYSE
BA,NYSE
BAA,AMEX
BAB,PACF
BABA,NYSE
BABY,NQNM
BAC,NYSE
BAC.PR.A,NYSE
BAC.PR.C,NYSE
BAC.PR.D,NYSE
BAC.PR.E,NYSE
BAC.PR.I,NYSE
BAC.PR.L,NYSE
BAC.PR.W,NYSE
BAC.PR.Y,NYSE
BAC.WS.A,NYSE
BAC.WS.B,NYSE
BAF,NYSE
BAH,NYSE
BAK,NYSE
BAL,PACF
BAM,NYSE
BANC,NYSE
BANC.PR.C,NYSE
BANC.PR.D,NYSE
BANC.PR.E,NYSE
BANF,NQNM
BANR,NQNM
BANX,NQNM
BAP,NYSE
BAS,NYSE
BASI,NQSC
BATRA,NQNM
BATRK,NQNM
BATS,BATS
BAX,NYSE
BBBB/TEST,AMEX
BBBY,NQNM
BBC,NQNM
BBD,NYSE
BBDO,NYSE
BBF,NYSE
BBG,NYSE
BBGI,NQNM
BBH,NQNM
BBK,NYSE
BBL,NYSE
BBN,NYSE
BBOX,NQNM
BBP,NQNM
BBRC,PACF
BBRG,NQNM
BBRY,NQNM
BBSI,NQNM
BBT,NYSE
BBT.PR.D,NYSE
BBT.PR.E,NYSE
BBT.PR.F,NYSE
BBT.PR.G,NYSE
BBT.PR.H,NYSE
BBU,NYSE
BBVA,NYSE
BBW,NYSE
BBY,NYSE
BC,NYSE
BCBP,NQNM
BCC,NYSE
BCE,NYSE
BCEI,NYSE
BCH,NYSE
BCLI,NQSC
BCM,PACF
BCO,NYSE
BCOM,NQNM
BCOR,NQNM
BCOV,NQNM
BCPC,NQNM
BCR,NYSE
BCRH,NYSE
BCRX,NQNM
BCS,NYSE
BCS.PR.A,NYSE
BCS.PR.D,NYSE
BCTF,NQSC
BCV,AMEX
BCV.PR.A,AMEX
BCX,NYSE
BDC,NYSE
BDC.PR.B,NYSE
BDCL,PACF
BDCS,PACF
BDCZ,PACF
BDD,PACF
BDE,NQNM
BDGE,NQNM
BDJ,NYSE
BDL,AMEX
BDN,NYSE
BDN.PR.E,NYSE
BDR,AMEX
BDSI,NQSC
BDX,NYSE
BEAT,NQNM
BEAV,NQNM
BEBE,NQSC
BECN,NQNM
BEL,NYSE
BELFA,NQNM
BELFB,NQNM
BEMO,BATS
BEN,NYSE
BEP,NYSE
BERY,NYSE
BETR,NYSE
BF.A,NYSE
BF.B,NYSE
BFAM,NYSE
BFDI,NQBB
BFIN,NQNM
BFK,NYSE
BFO,NYSE
BFOR,PACF
BFR,NYSE
BFS,NYSE
BFS.PR.C,NYSE
BFY,AMEX
BFZ,NYSE
BG,NYSE
BGB,NYSE
BGC,NYSE
BGCA,NYSE
BGCP,NQNM
BGE.PR.B,NYSE
BGFV,NQNM
BGG,NYSE
BGH,NYSE
BGI,AMEX
BGNE,NQNM
BGR,NYSE
BGS,NYSE
BGSF,AMEX
BGT,NYSE
BGX,NYSE
BGY,NYSE
BH,NYSE
BHACR,NQSC
BHACW,NQSC
BHB,AMEX
BHBK,NQNM
BHE,NYSE
BHI,NYSE
BHK,NYSE
BHL,NYSE
BHLB,NYSE
BHP,NYSE
BHV,AMEX
BIB,NQNM
BICK,NQNM
BID,NYSE
BIDU,NQNM
BIF,NYSE
BIG,NYSE
BIGD,PACF
BIIB,NQNM
BIL,PACF
BIO,NYSE
BIO.B,NYSE
BIOA,NYSE
BIOA.WS,NYSE
BIOC,NQSC
BIOL,NQSC
BIOP,NQSC
BIOS,NQNM
BIP,NYSE
BIS,NQNM
BIT,NYSE
BITA,NYSE
BIV,PACF
BIZD,PACF
BJK,PACF
BJRI,NQNM
BJZ,NYSE
BK,NYSE
BK.PR.C,NYSE
BKCC,NQNM
BKD,NYSE
BKE,NYSE
BKEP,NQNM
BKEPP,NQNM
BKF,PACF
BKFS,NYSE
BKH,NYSE
BKJ,AMEX
BKK,NYSE
BKLN,PACF
BKMU,NQNM
BKN,NYSE
BKS,NYSE
BKSC,NQSC
BKT,NYSE
BKU,NYSE
BL,NQNM
BLBD,NQNM
BLCM,NQNM
BLD,NYSE
BLDP,NQNM
BLDR,NQNM
BLE,AMEX
BLFS,NQSC
BLH,NYSE
BLHY,PACF
BLIN,NQSC
BLJ,AMEX
BLK,NYSE
BLKB,NQNM
BLL,NYSE
BLMN,NQNM
BLMT,NQSC
BLPH,NQNM
BLRX,NQSC
BLUE,NQNM
BLV,PACF
BLVDU,NQSC
BLW,NYSE
BLX,NYSE
BMA,NYSE
BMCH,NQNM
BME,NYSE
BMI,NYSE
BML.PR.G,NYSE
BML.PR.H,NYSE
BML.PR.I,NYSE
BML.PR.J,NYSE
BML.PR.L,NYSE
BMO,NYSE
BMRA,NQSC
BMRC,NQSC
BMRN,NQNM
BMS,NYSE
BMTC,NQNM
BMY,NYSE
BNCL,NQNM
BNCN,NQSC
BND,PACF
BNDC,PACF
BNDS,PACF
BNDX,NQNM
BNED,NYSE
BNFT,NQNM
BNJ,NYSE
BNNP,NQBB
BNO,PACF
BNS,NYSE
BNSO,NQSC
BNTC,NQSC
BNTCW,NQSC
BNY,NYSE
BOBE,NQNM
BOCH,NQNM
BOE,NYSE
BOFI,NQNM
BOFIL,NQNM
BOH,NYSE
BOIL,PACF
BOJA,NQNM
BOKF,NQNM
BOKFL,NQNM
BOLD,NQNM
BOND,PACF
BONT,NQNM
BOOM,NQNM
BOOT,NYSE
BORN,NYSE
BOSC,NQSC
BOTJ,NQSC
BOTZ,NQNM
BOX,NYSE
BOXC,NYSE
BP,NYSE
BPFH,NQNM
BPFHP,NQNM
BPFHW,NQNM
BPI,NYSE
BPK,NYSE
BPL,NYSE
BPMC,NQNM
BPMX,AMEX
BPOP,NQNM
BPOPM,NQNM
BPOPN,NQNM
BPT,NYSE
BPTH,NQSC
BPY,NYSE
BQH,NYSE
BR,NYSE
BRAQ,PACF
BRAZ,PACF
BRC,NYSE
BRCD,NQNM
BREW,NQNM
BRF,PACF
BRFS,NYSE
BRG,AMEX
BRG.PR.A,AMEX
BRG.PR.C,AMEX
BRG.PR.D,AMEX
BRID,NQNM
BRK.A,NYSE
BRK.B,NYSE
BRKL,NQNM
BRKR,NQNM
BRKS,NQNM
BRN,AMEX
BRO,NYSE
BRS,NYSE
BRSS,NYSE
BRT,NYSE
BRX,NYSE
BRZU,PACF
BSAC,NYSE
BSBR,NYSE
BSCH,PACF
BSCI,PACF
BSCJ,PACF
BSCK,PACF
BSCL,PACF
BSCM,PACF
BSCN,PACF
BSCO,PACF
BSCP,PACF
BSCQ,PACF
BSD,NYSE
BSE,NYSE
BSET,NQNM
BSF,NQNM
BSFT,NQNM
BSJH,PACF
BSJI,PACF
BSJJ,PACF
BSJK,PACF
BSJL,PACF
BSJM,PACF
BSJN,PACF
BSJO,PACF
BSL,NYSE
BSM,NYSE
BSMX,NYSE
BSPM,NQSC
BSQR,NQNM
BSRR,NQNM
BST,NYSE
BSTC,NQNM
BSTG,NQSC
BSV,PACF
BSX,NYSE
BT,NYSE
BTA,NYSE
BTAL,PACF
BTE,NYSE
BTG,AMEX
BTI,AMEX
BTN,AMEX
BTO,NYSE
BTT,NYSE
BTX,AMEX
BTX.WS,AMEX
BTZ,NYSE
BUD,NYSE
BUFF,NQNM
BUI,NYSE
BUR,NQNM
BURL,NYSE
BUSE,NQNM
BUZ,PACF
BV,NQNM
BVN,NYSE
BVSN,NQNM
BVX,AMEX
BW,NYSE
BWA,NYSE
BWEN,NQSC
BWFG,NQNM
BWG,NYSE
BWINA,NQNM
BWINB,NQNM
BWL.A,AMEX
BWLD,NQNM
BWP,NYSE
BWV,PACF
BWX,PACF
BWXT,NYSE
BWZ,PACF
BX,NYSE
BXC,NYSE
BXE,NYSE
BXMT,NYSE
BXMX,NYSE
BXP,NYSE
BXP.PR.B,NYSE
BXS,NYSE
BYBK,NQSC
BYD,NYSE
BYFC,NQSC
BYLD,PACF
BYM,NYSE
BZF,PACF
BZH,NYSE
BZM,AMEX
BZQ,PACF
BZUN,NQNM
C,NYSE
C.PR.C,NYSE
C.PR.J,NYSE
C.PR.K,NYSE
C.PR.L,NYSE
C.PR.N,NYSE
C.PR.P,NYSE
C.PR.S,NYSE
C.WS.A,NYSE
CA,NQNM
CAA,NYSE
CAAS,NQSC
CAB,NYSE
CABO,NYSE
CAC,NQNM
CACB,NQSC
CACC,NQNM
CACI,NYSE
CACQ,NQNM
CADC,NQSC
CAE,NYSE
CAF,NYSE
CAFD,NQNM
CAFE,PACF
CAFN,NQBB
CAG,NYSE
CAH,NYSE
CAI,NYSE
CAJ,NYSE
CAKE,NQNM
CAL,NYSE
CALA,NQNM
CALD,NQNM
CALI,NQSC
CALL,NQNM
CALM,NQNM
CALVF,NQBB
CALX,NYSE
CAMP,NQNM
CAMT,NQNM
CANE,PACF
CANF,AMEX
CAPE,PACF
CAPL,NYSE
CAPN,NQSC
CAPNW,NQSC
CAPR,NQSC
CAPX,NQNM
CAR,NQNM
CARA,NQNM
CARB,NQNM
CARO,NQSC
CART,NQSC
CARV,NQSC
CARZ,NQNM
CASC,NQNM
CASH,NQNM
CASI,NQSC
CASM,NQSC
CASS,NQNM
CASY,NQNM
CAT,NYSE
CATB,NQNM
CATH,NQNM
CATM,NQNM
CATO,NYSE
CATY,NQNM
CAVM,NQNM
CAW,AMEX
CB,NYSE
CBA,NYSE
CBAK,NQNM
CBAN,NQNM
CBAY,NQSC
CBB,NYSE
CBB.PR.B,NYSE
CBD,NYSE
CBF,NQNM
CBFV,NQNM
CBG,NYSE
CBI,NYSE
CBIO,NQSC
CBK,NYSE
CBL,NYSE
CBL.PR.D,NYSE
CBL.PR.E,NYSE
CBLI,NQSC
CBM,NYSE
CBMG,NQNM
CBMX,NQSC
CBND,PACF
CBOE,NQNM
CBON,PACF
CBPO,NQNM
CBPX,NYSE
CBR,NYSE
CBRL,NQNM
CBS,NYSE
CBS.A,NYSE
CBSH,NQNM
CBSHP,NQNM
CBT,NYSE
CBU,NYSE
CBZ,NYSE
CC,NYSE
CCA,AMEX
CCBG,NQNM
CCC,NYSE
CCCC/TEST,AMEX
CCCL,NQSC
CCCR,NQSC
CCD,NQNM
CCE,NYSE
CCF,AMEX
CCI,NYSE
CCIH,NQNM
CCJ,NYSE
CCK,NYSE
CCL,NYSE
CCLP,NQNM
CCM,NYSE
CCMP,NQNM
CCN,NQSC
CCNE,NQNM
CCO,NYSE
CCOI,NQNM
CCP,NYSE
CCRC,NQSC
CCRN,NQNM
CCS,NYSE
CCU,NYSE
CCUR,NQNM
CCV,NYSE
CCXI,NQNM
CCZ,NYSE
CDC,NQNM
CDE,NYSE
CDEV,NQSC
CDEVW,NQSC
CDI,NYSE
CDK,NQNM
CDL,NQNM
CDNA,NQNM
CDNS,NQNM
CDOR,NQNM
CDR,NYSE
CDR.PR.B,NYSE
CDTI,NQSC
CDTX,NQNM
CDW,NQNM
CDXC,NQSC
CDXS,NQNM
CDZI,NQNM
CE,NYSE
CEA,NYSE
CEB,NYSE
CECE,NQNM
CECO,NQNM
CEE,NYSE
CEF,AMEX
CEFL,PACF
CEI,AMEX
CEL,NYSE
CELG,NQNM
CELGZ,NQNM
CELP,NYSE
CEM,NYSE
CEMB,BATS
CEMI,NQSC
CEMP,NQNM
CEN,NYSE
CENT,NQNM
CENTA,NQNM
CENX,NQNM
CEO,NYSE
CEQP,NYSE
CERC,NQSC
CERCW,NQSC
CERCZ,NQSC
CERN,NQNM
CERS,NQNM
CERU,NQNM
CET,AMEX
CETC,NQSC
CETV,NQNM
CETX,NQSC
CEV,AMEX
CEVA,NQNM
CEW,PACF
CEZ,NQNM
CF,NYSE
CFA,NQNM
CFBK,NQSC
CFC.PR.B,NYSE
CFCB,NQSC
CFCO,NQSC
CFCOU,NQSC
CFCOW,NQSC
CFDB,NQBB
CFFI,NQNM
CFFN,NQNM
CFG,NYSE
CFI,NYSE
CFMS,NQNM
CFNB,NQNM
CFNL,NQNM
CFO,NQNM
CFR,NYSE
CFR.PR.A,NYSE
CFRX,NQSC
CFRXW,NQSC
CFX,NYSE
CG,NQNM
CGA,NYSE
CGEN,NQNM
CGG,NYSE
CGI,NYSE
CGIX,NQSC
CGNT,NQSC
CGNX,NQNM
CGO,NQNM
CGW,PACF
CH,AMEX
CHA,NYSE
CHAD,PACF
CHAU,PACF
CHCI,NQSC
CHCO,NQNM
CHCT,NYSE
CHD,NYSE
CHDN,NQNM
CHE,NYSE
CHEF,NQNM
CHEK,NQSC
CHEKW,NQSC
CHFC,NQNM
CHFN,NQSC
CHGG,NYSE
CHH,NYSE
CHI,NQNM
CHIE,PACF
CHII,PACF
CHIM,PACF
CHIQ,PACF
CHIX,PACF
CHK,NYSE
CHK.PR.D,NYSE
CHKE,NQNM
CHKP,NQNM
CHKR,NYSE
CHL,NYSE
CHMA,NQNM
CHMG,NQNM
CHMI,NYSE
CHMT,NYSE
CHN,NYSE
CHNR,NQSC
CHOC,PACF
CHRS,NQNM
CHRW,NQNM
CHS,NYSE
CHSCL,NQNM
CHSCM,NQNM
CHSCN,NQNM
CHSCO,NQNM
CHSCP,NQNM
CHSP,NYSE
CHSP.PR.A,NYSE
CHT,NYSE
CHTR,NQNM
CHU,NYSE
CHUBA,NQNM
CHUBK,NQNM
CHUY,NQNM
CHW,NQNM
CHY,NQNM
CI,NYSE
CIA,NYSE
CIB,NYSE
CIBR,NQNM
CID,NQNM
CIDM,NQNM
CIE,NYSE
CIEN,NYSE
CIF,NYSE
CIG,NYSE
CIG.C,NYSE
CIGI,NQNM
CII,NYSE
CIK,AMEX
CIL,NQNM
CIM,NYSE
CIM.PR.A,NYSE
CINF,NQNM
CINR,NYSE
CIO,NYSE
CIO.PR.A,NYSE
CIR,NYSE
CIT,NYSE
CIU,PACF
CIVB,NQSC
CIVI,NYSE
CIX,AMEX
CIZ,NQNM
CIZN,NQNM
CJJD,NQSC
CJNK,PACF
CKH,NYSE
CKX,AMEX
CL,NYSE
CLA,NYSE
CLACU,NQSC
CLAW,PACF
CLB,NYSE
CLBH,NQNM
CLBS,NQSC
CLC,NYSE
CLCD,NQNM
CLCT,NQNM
CLD,NYSE
CLDC,NQSC
CLDT,NYSE
CLDX,NQNM
CLF,NYSE
CLFD,NQNM
CLGX,NYSE
CLH,NYSE
CLI,NYSE
CLIR,NQSC
CLLS,NQNM
CLM,AMEX
CLMS,NQNM
CLMT,NQNM
CLNE,NQNM
CLNT,NQSC
CLNY,NYSE
CLNY.PR.A,NYSE
CLNY.PR.B,NYSE
CLNY.PR.C,NYSE
CLR,NYSE
CLRB,NQSC
CLRBW,NQSC
CLRBZ,NQSC
CLRO,NQSC
CLS,NYSE
CLSD,NQNM
CLSN,NQSC
CLUB,NQNM
CLVS,NQNM
CLW,NYSE
CLWT,NQSC
CLX,NYSE
CLY,PACF
CLYH,PACF
CM,NYSE
CMA,NYSE
CMA.WS,NYSE
CMBS,PACF
CMC,NYSE
CMCM,NYSE
CMCO,NQNM
CMCSA,NQNM
CMCT,NQNM
CMD,NYSE
CMDT,PACF
CME,NQNM
CMF,PACF
CMFN,NQNM
CMG,NYSE
CMI,NYSE
CMLS,NQSC
CMO,NYSE
CMO.PR.E,NYSE
CMP,NYSE
CMPR,NQNM
CMRE,NYSE
CMRE.PR.B,NYSE
CMRE.PR.C,NYSE
CMRE.PR.D,NYSE
CMRX,NQNM
CMS,NYSE
CMS.PR.B,NYSE
CMT,AMEX
CMTL,NQNM
CMU,NYSE
CN,PACF
CNA,NYSE
CNAT,NQNM
CNBKA,NQNM
CNC,NYSE
CNCE,NQNM
CNCO,NYSE
CNCR,NQNM
CNDA,PACF
CNDF,BATS
CNDT,NYSE
CNET,NQSC
CNFR,NQNM
CNHI,NYSE
CNI,NYSE
CNIT,NQNM
CNK,NYSE
CNMD,NQNM
CNNX,NYSE
CNO,NYSE
CNOB,NQNM
CNP,NYSE
CNQ,NYSE
CNS,NYSE
CNSF,BATS
CNSL,NQNM
CNTF,NQNM
CNTR,PACF
CNTY,NQSC
CNV,NQNM
CNX,NYSE
CNXC,NYSE
CNXN,NQNM
CNXR,NQNM
CNXT,PACF
CNY,PACF
CNYA,BATS
CO,NYSE
COBO,PACF
COBZ,NQNM
COCP,NQBB
CODI,NYSE
COE,NYSE
COF,NYSE
COF.PR.C,NYSE
COF.PR.D,NYSE
COF.PR.F,NYSE
COF.PR.G,NYSE
COF.PR.H,NYSE
COF.PR.P,NYSE
COF.WS,NYSE
COG,NYSE
COGT,NQNM
COH,NYSE
COHR,NQNM
COHU,NQNM
COKE,NQNM
COL,NYSE
COLB,NQNM
COLL,NQNM
COLM,NQNM
COMM,NQNM
COMT,NQNM
CONE,NQNM
CONN,NQNM
COO,NYSE
COOL,NQSC
COP,NYSE
COPX,PACF
COR,NYSE
COR.PR.A,NYSE
CORE,NQNM
CORI,NQNM
CORN,PACF
CORP,PACF
CORR,NYSE
CORR.PR.A,NYSE
CORT,NQSC
COST,NQNM
COT,NYSE
COTV,NYSE
COTY,NYSE
COUP,NQNM
COVS,NQNM
COW,PACF
COWN,NQNM
COWNL,NQNM
COWZ,BATS
COYN,NQSC
COYNW,NQSC
CP,NYSE
CPA,NYSE
CPAA,NQSC
CPAAU,NQSC
CPAC,NYSE
CPAH,NQSC
CPB,NYSE
CPE,NYSE
CPE.PR.A,NYSE
CPER,PACF
CPF,NYSE
CPG,NYSE
CPHC,NQNM
CPHI,AMEX
CPI,PACF
CPIX,NQNM
CPK,NYSE
CPL,NYSE
CPLA,NQNM
CPLP,NQNM
CPN,NYSE
CPPL,NYSE
CPRT,NQNM
CPRX,NQSC
CPS,NYSE
CPSH,NQSC
CPSI,NQNM
CPSS,NQNM
CPST,NQSC
CPT,NYSE
CPTA,NQNM
CQH,AMEX
CQP,AMEX
CQQQ,PACF
CR,NYSE
CRAI,NQNM
CRAK,PACF
CRAY,NQNM
CRBN,PACF
CRBP,NQSC
CRC,NYSE
CRCM,NYSE
CRCUF,NQBB
CRD.A,NYSE
CRD.B,NYSE
CRDS,NQSC
CRDT,NQNM
CRED,PACF
CREE,NQNM
CREG,NQSC
CRESY,NQNM
CRF,AMEX
CRH,NYSE
CRHM,AMEX
CRI,NYSE
CRIS,NQNM
CRK,NYSE
CRL,NYSE
CRM,NYSE
CRMD,AMEX
CRME,NQSC
CRMT,NQNM
CRNT,NQNM
CROC,PACF
CROP,PACF
CROX,NQNM
CRR,NYSE
CRS,NYSE
CRSP,NQNM
CRT,NYSE
CRTN,NQSC
CRTO,NQNM
CRUS,NQNM
CRVL,NQNM
CRVP,AMEX
CRVS,NQNM
CRWS,NQSC
CRY,NYSE
CRZO,NQNM
CS,NYSE
CSA,NQNM
CSAL,NQNM
CSB,NQNM
CSBK,NQNM
CSBR,NQSC
CSC,NYSE
CSCO,NQNM
CSD,PACF
CSF,NQNM
CSFL,NQNM
CSGP,NQNM
CSGS,NQNM
CSII,NQNM
CSIQ,NQNM
CSJ,PACF
CSL,NYSE
CSLS,PACF
CSLT,NYSE
CSM,BATS
CSOD,NQNM
CSPI,NQNM
CSQ,NQNM
CSRA,NYSE
CSS,NYSE
CST,NYSE
CSTE,NQNM
CSTM,NYSE
CSTR,NQNM
CSU,NYSE
CSV,NYSE
CSWC,NQNM
CSWI,NQNM
CSX,NQNM
CTAA,NYSE
CTAS,NQNM
CTB,NYSE
CTBB,NYSE
CTBI,NQNM
CTG,NQNM
CTHR,NQNM
CTIB,NQSC
CTIC,NQSC
CTL,NYSE
CTLT,NYSE
CTMX,NQNM
CTO,AMEX
CTR,NYSE
CTRE,NQNM
CTRL,NQNM
CTRN,NQNM
CTRP,NQNM
CTRV,NQSC
CTS,NYSE
CTSH,NQNM
CTSO,NQSC
CTT,NYSE
CTU,NYSE
CTV,NYSE
CTW,NYSE
CTWS,NQNM
CTX,NYSE
CTXS,NQNM
CTY,NYSE
CTZ,NYSE
CUB,NYSE
CUBA,NQSC
CUBE,NYSE
CUBI,NYSE
CUBI.PR.D,NYSE
CUBI.PR.E,NYSE
CUBI.PR.F,NYSE
CUBN,NQSC
CUBS,NYSE
CUDA,NYSE
CUI,NQSC
CUK,NYSE
CUNB,NQSC
CUO,AMEX
CUR,NQSC
CURE,PACF
CUT,PACF
CUTR,NQNM
CUZ,NYSE
CVA,NYSE
CVB,NYSE
CVBF,NQNM
CVCO,NQNM
CVCY,NQSC
CVE,NYSE
CVEO,NYSE
CVG,NYSE
CVGI,NQNM
CVGW,NQNM
CVI,NYSE
CVLT,NQNM
CVLY,NQNM
CVM,AMEX
CVM.WS,AMEX
CVO,NYSE
CVR,AMEX
CVRR,NYSE
CVRS,AMEX
CVS,NYSE
CVTI,NQNM
CVU,AMEX
CVV,NQSC
CVX,NYSE
CVY,PACF
CW,NYSE
CWAY,NQSC
CWB,PACF
CWBC,NQNM
CWBK,NQBB
CWCO,NQNM
CWEI,NYSE
CWH,NYSE
CWI,PACF
CWS,PACF
CWST,NQNM
CWT,NYSE
CX,NYSE
CXDC,NQNM
CXE,NYSE
CXH,NYSE
CXO,NYSE
CXP,NYSE
CXRX,NQNM
CXW,NYSE
CY,NQNM
CYAD,NQNM
CYAN,NQSC
CYB,PACF
CYBE,NQNM
CYBR,NQNM
CYCC,NQSC
CYD,NYSE
CYH,NYSE
CYHHZ,NQNM
CYNO,NQNM
CYOU,NQNM
CYRN,NQSC
CYRX,NQSC
CYS,NYSE
CYS.PR.A,NYSE
CYS.PR.B,NYSE
CYTK,NQNM
CYTR,NQSC
CYTX,NQSC
CZA,PACF
CZFC,NQNM
CZFS,NQBB
CZICF,NQBB
CZNC,NQSC
CZR,NQNM
CZWI,NQNM
CZZ,NYSE
D,NYSE
DAC,NYSE
DAG,PACF
DAIO,NQSC
DAKT,NQNM
DAL,NYSE
DAN,NYSE
DAR,NYSE
DATA,NYSE
DAVE,NQNM
DAX,NQNM
DB,NYSE
DBA,PACF
DBAP,PACF
DBAU,PACF
DBAW,PACF
DBB,PACF
DBBR,PACF
DBC,PACF
DBD,NYSE
DBE,PACF
DBEF,PACF
DBEM,PACF
DBES,BATS
DBEU,PACF
DBEZ,PACF
DBGR,PACF
DBIF,PACF
DBIT,BATS
DBJP,PACF
DBKO,PACF
DBL,NYSE
DBMX,PACF
DBO,PACF
DBP,PACF
DBRE,BATS
DBS,PACF
DBSE,BATS
DBSP,BATS
DBUK,PACF
DBV,PACF
DBVT,NQNM
DCA,NYSE
DCBF,NQBB
DCI,NYSE
DCIX,NQNM
DCM,NYSE
DCO,NYSE
DCOM,NQNM
DCT,NYSE
DCTH,NQSC
DCUC,NYSE
DCUD,NYSE
DD,NYSE
DD.PR.A,NYSE
DD.PR.B,NYSE
DDBI,NQNM
DDC,NYSE
DDD,NYSE
DDDD/TEST,AMEX
DDE,NYSE
DDEZ,BATS
DDF,NYSE
DDG,PACF
DDJP,BATS
DDLS,BATS
DDM,PACF
DDR,NYSE
DDR.PR.J,NYSE
DDR.PR.K,NYSE
DDRT,NQBB
DDS,NYSE
DDT,NYSE
DDWM,BATS
DE,NYSE
DEA,NYSE
DECK,NYSE
DEEF,PACF
DEF,PACF
DEFA,BATS
DEI,NYSE
DEL,NYSE
DELT,NQSC
DELTW,NQSC
DEM,PACF
DEMG,PACF
DENN,NQSC
DEO,NYSE
DEPO,NQNM
DERM,NQNM
DES,PACF
DESC,PACF
DEST,NQNM
DEUS,PACF
DEW,PACF
DEWJ,BATS
DEX,NYSE
DEZU,BATS
DF,NYSE
DFBG,NQSC
DFE,PACF
DFFN,NQSC
DFIN,NYSE
DFJ,PACF
DFND,BATS
DFP,NYSE
DFRG,NQNM
DFS,NYSE
DFS.PR.B,NYSE
DFT,NYSE
DFT.PR.C,NYSE
DG,NYSE
DGAS,NQNM
DGAZ,PACF
DGDM,NQBB
DGI,NYSE
DGICA,NQNM
DGICB,NQNM
DGII,NQNM
DGL,PACF
DGLD,NQNM
DGLY,NQSC
DGP,PACF
DGRE,NQNM
DGRO,PACF
DGRS,NQNM
DGRW,NQNM
DGS,PACF
DGSE,AMEX
DGT,PACF
DGX,NYSE
DGZ,PACF
DHDG,BATS
DHF,NYSE
DHG,NYSE
DHI,NYSE
DHIL,NQNM
DHR,NYSE
DHS,PACF
DHT,NYSE
DHVW,PACF
DHX,NYSE
DHXM,NQNM
DHY,AMEX
DI,PACF
DIA,PACF
DIAX,NYSE
DIG,PACF
DIM,PACF
DIN,NYSE
DIOD,NQNM
DIS,NYSE
DISCA,NQNM
DISCB,NQNM
DISCK,NQNM
DISH,NQNM
DIT,AMEX
DIV,PACF
DIVA,PACF
DIVI,PACF
DIVO,BATS
DIVY,PACF
DJCI,PACF
DJCO,NQSC
DJD,PACF
DJP,PACF
DK,NYSE
DKL,NYSE
DKS,NYSE
DKT,NYSE
DL,NYSE
DLA,AMEX
DLB,NYSE
DLBL,NQNM
DLBS,NQNM
DLHC,NQSC
DLN,PACF
DLNG,NYSE
DLNG.PR.A,NYSE
DLPH,NYSE
DLR,NYSE
DLR.PR.F,NYSE
DLR.PR.G,NYSE
DLR.PR.H,NYSE
DLR.PR.I,NYSE
DLS,PACF
DLTH,NQNM
DLTR,NQNM
DLX,NYSE
DM,NYSE
DMB,NYSE
DMF,AMEX
DMHI,NQBB
DMLP,NQNM
DMO,NYSE
DMPI,NQSC
DMRC,NQNM
DMTX,NQNM
DNAI,NQNM
DNB,NYSE
DNBF,NQSC
DNI,NYSE
DNKN,NQNM
DNL,PACF
DNN,AMEX
DNO,PACF
DNOW,NYSE
DNP,NYSE
DNR,NYSE
DO,NYSE
DOC,NYSE
DOD,PACF
DOG,PACF
DOL,PACF
DON,PACF
DOO,PACF
DOOR,NYSE
DORM,NQNM
DOV,NYSE
DOW,NYSE
DOX,NQNM
DPG,NYSE
DPK,PACF
DPLO,NYSE
DPM,NYSE
DPRX,NQSC
DPS,NYSE
DPST,PACF
DPW,AMEX
DPZ,NYSE
DQ,NYSE
DRA,NYSE
DRAD,NQNM
DRAM,NQSC
DRD,NYSE
DRE,NYSE
DRH,NYSE
DRI,NYSE
DRIO,NQSC
DRIP,PACF
DRN,PACF
DRNA,NQNM
DRQ,NYSE
DRR,PACF
DRRX,NQNM
DRUA,NYSE
DRV,PACF
DRW,PACF
DRWI,NQSC
DRYS,NQSC
DS,NYSE
DS.PR.B,NYSE
DS.PR.C,NYSE
DS.PR.D,NYSE
DSCI,NQSC
DSE,NYSE
DSGX,NQNM
DSI,PACF
DSL,NYSE
DSLV,NQNM
DSM,NYSE
DSPG,NQNM
DSS,AMEX
DST,NYSE
DSU,NYSE
DSUM,PACF
DSW,NYSE
DSWL,NQNM
DSX,NYSE
DSX.PR.B,NYSE
DSXN,NYSE
DTD,PACF
DTE,NYSE
DTEA,NQNM
DTF,NYSE
DTH,PACF
DTJ,NYSE
DTK,NYSE
DTLA.PR,NYSE
DTLK,NQNM
DTN,PACF
DTO,PACF
DTQ,NYSE
DTRM,NQSC
DTUS,NQNM
DTV,NYSE
DTY,NYSE
DTYS,NQNM
DUC,NYSE
DUG,PACF
DUK,NYSE
DUKH,NYSE
DULL,PACF
DUST,PACF
DV,NYSE
DVA,NYSE
DVAX,NQSC
DVCR,NQSC
DVD,NYSE
DVEM,BATS
DVHL,PACF
DVMT,NYSE
DVN,NYSE
DVP,PACF
DVY,PACF
DVYA,PACF
DVYE,PACF
DVYL,PACF
DWAQ,NQNM
DWAS,NQNM
DWAT,NQNM
DWCH,NQSC
DWFI,NQNM
DWIN,NQNM
DWLV,NQNM
DWM,PACF
DWSN,NQNM
DWT,PACF
DWTR,NQNM
DWX,PACF
DX,NYSE
DX.PR.A,NYSE
DX.PR.B,NYSE
DXB,NYSE
DXCM,NQNM
DXD,PACF
DXGE,NQNM
DXJ,PACF
DXJC,PACF
DXJF,PACF
DXJH,PACF
DXJR,PACF
DXJS,NQNM
DXJT,PACF
DXKW,NQNM
DXLG,NQNM
DXPE,NQNM
DXPS,NQNM
DXR,AMEX
DXTR,NQSC
DXUS,PACF
DXYN,NQNM
DY,NYSE
DYB,BATS
DYLS,BATS
DYN,NYSE
DYN.PR.A,NYSE
DYN.WS,NYSE
DYNC,NYSE
DYNT,NQSC
DYSL,NQSC
DYY,PACF
DZK,PACF
DZSI,NQSC
DZZ,PACF
E,NYSE
EA,NQNM
EAB,NYSE
EACQW,NQSC
EAD,AMEX
EAE,NYSE
EAI,NYSE
EARN,NYSE
EARS,NQNM
EAT,NYSE
EBAY,NQNM
EBAYL,NQNM
EBF,NYSE
EBIO,NQNM
EBIX,NQNM
EBMT,NQNM
EBND,PACF
EBR,NYSE
EBR.B,NYSE
EBS,NYSE
EBSB,NQNM
EBTC,NQNM
EC,NYSE
ECA,NYSE
ECACR,NQSC
ECC,NYSE
ECCA,NYSE
ECCB,NYSE
ECCZ,NYSE
ECF,AMEX
ECH,PACF
ECHO,NQNM
ECL,NYSE
ECNS,PACF
ECOL,NQNM
ECOM,NYSE
ECON,PACF
ECPG,NQNM
ECR,NYSE
ECT,NYSE
ECYT,NQNM
ED,NYSE
EDAP,NQNM
EDBI,NQNM
EDC,PACF
EDD,NYSE
EDEN,BATS
EDF,NYSE
EDGE,NQNM
EDGW,NQNM
EDI,NYSE
EDIT,NQNM
EDIV,PACF
EDN,NYSE
EDOG,PACF
EDR,NYSE
EDU,NYSE
EDUC,NQNM
EDV,PACF
EDZ,PACF
EE,NYSE
EEA,NYSE
EEB,PACF
EEEE/TEST,AMEX
EEFT,NQNM
EEI,NQNM
EELV,PACF
EEM,PACF
EEMA,NQNM
EEMO,PACF
EEMS,PACF
EEMV,PACF
EEP,NYSE
EEQ,NYSE
EES,PACF
EET,PACF
EEV,PACF
EFA,PACF
EFAD,BATS
EFAS,NQNM
EFAV,PACF
EFAX,PACF
EFC,NYSE
EFF,NYSE
EFFE,PACF
EFG,PACF
EFII,NQNM
EFNL,BATS
EFO,PACF
EFOI,NQSC
EFR,NYSE
EFSC,NQNM
EFT,NYSE
EFU,PACF
EFUT,NQSC
EFV,PACF
EFX,NYSE
EFZ,PACF
EGAN,NQSC
EGAS,AMEX
EGBN,NQSC
EGF,NYSE
EGHT,NQNM
EGI,AMEX
EGIF,NYSE
EGL,NYSE
EGLE,NQNM
EGLT,NQNM
EGN,NYSE
EGO,NYSE
EGOV,NQNM
EGP,NYSE
EGPT,PACF
EGRX,NQNM
EGT,NQSC
EGY,NYSE
EHI,NYSE
EHIC,NYSE
EHT,NYSE
EHTH,NQNM
EIA,AMEX
EIDO,PACF
EIG,NYSE
EIGI,NQNM
EIGR,NQNM
EIM,AMEX
EIO,AMEX
EIP,AMEX
EIRL,PACF
EIS,PACF
EIV,AMEX
EIX,NYSE
EKSO,NQSC
EL,NYSE
ELC,NYSE
ELD,PACF
ELECU,NQSC
ELECW,NQSC
ELF,NYSE
ELGX,NQNM
ELJ,NYSE
ELKU,BATS
ELLI,NYSE
ELLO,AMEX
ELMD,AMEX
ELNK,NQNM
ELON,NQNM
ELOS,NQNM
ELP,NYSE
ELS,NYSE
ELS.PR.C,NYSE
ELSE,NQSC
ELTK,NQSC
ELU,NYSE
ELY,NYSE
EMAG,PACF
EMAN,AMEX
EMB,PACF
EMBH,PACF
EMCB,NQNM
EMCF,NQSC
EMCG,NQNM
EMCI,NQNM
EMCR,PACF
EMD,NYSE
EMDD,PACF
EMDV,BATS
EME,NYSE
EMES,NYSE
EMF,NYSE
EMFM,PACF
EMG,NYSE
EMGF,BATS
EMHY,BATS
EMI,AMEX
EMIF,NQNM
EMIH,BATS
EMITF,NQNM
EMJ,AMEX
EMKR,NQNM
EML,NQNM
EMLC,PACF
EMLP,PACF
EMMS,NQNM
EMN,NYSE
EMO,NYSE
EMP,NYSE
EMQQ,PACF
EMR,NYSE
EMSD,BATS
EMSH,BATS
EMTL,BATS
EMX,AMEX
ENB,NYSE
ENBL,NYSE
ENDP,NQNM
ENFC,NQNM
ENFR,PACF
ENG,NQSC
ENH,NYSE
ENH.PR.C,NYSE
ENIA,NYSE
ENIC,NYSE
ENJ,NYSE
ENLC,NYSE
ENLK,NYSE
ENO,NYSE
ENOC,NQNM
ENOR,BATS
ENPH,NQNM
ENR,NYSE
ENRJ,AMEX
ENS,NYSE
ENSG,NQNM
ENSV,AMEX
ENT,NQSC
ENTA,NQNM
ENTG,NQNM
ENTL,NQNM
ENV,NYSE
ENVA,NYSE
ENX,AMEX
ENY,PACF
ENZ,NYSE
ENZL,NQNM
ENZY,NQNM
EOCC,NYSE
EOD,NYSE
EOG,NYSE
EOI,NYSE
EOS,NYSE
EOT,NYSE
EP.PR.C,NYSE
EPAM,NYSE
EPAY,NQNM
EPC,NYSE
EPD,NYSE
EPE,NYSE
EPHE,PACF
EPI,PACF
EPIX,NQSC
EPM,AMEX
EPOL,PACF
EPP,PACF
EPR,NYSE
EPR.PR.C,NYSE
EPR.PR.E,NYSE
EPR.PR.F,NYSE
EPRF,BATS
EPS,PACF
EPU,PACF
EPV,PACF
EPZM,NQNM
EQAL,PACF
EQBK,NQNM
EQC,NYSE
EQC.PR.D,NYSE
EQCO,NYSE
EQFN,NQSC
EQGP,NYSE
EQIX,NQNM
EQL,PACF
EQLT,PACF
EQM,NYSE
EQR,NYSE
EQS,NYSE
EQT,NYSE
EQWL,PACF
EQWM,PACF
EQWS,PACF
EQY,NYSE
ERA,NYSE
ERC,AMEX
ERF,NYSE
ERGF,BATS
ERH,AMEX
ERI,NQNM
ERIC,NQNM
ERIE,NQNM
ERII,NQNM
ERJ,NYSE
ERN,AMEX
ERO,PACF
EROS,NYSE
ERS,NQSC
ERUS,PACF
ERX,PACF
ERY,PACF
ERYY,PACF
ES,NYSE
ESBA,PACF
ESBK,NQSC
ESCA,NQNM
ESE,NYSE
ESEA,NQSC
ESES,NQSC
ESG,NQNM
ESGD,NQNM
ESGE,NQNM
ESGR,NQNM
ESGS,PACF
ESGU,NQNM
ESIO,NQNM
ESL,NYSE
ESLT,NQNM
ESNC,AMEX
ESND,NQNM
ESNT,NYSE
ESP,AMEX
ESPR,NQNM
ESRT,NYSE
ESRX,NQNM
ESS,NYSE
ESSA,NQNM
ESTE,AMEX
ESV,NYSE
ESXB,NQSC
ETB,NYSE
ETE,NYSE
ETFC,NQNM
ETG,NYSE
ETH,NYSE
ETHO,PACF
ETJ,NYSE
ETM,NYSE
ETN,NYSE
ETO,NYSE
ETP,NYSE
ETR,NYSE
ETRM,NQSC
ETSY,NQNM
ETV,NYSE
ETW,NYSE
ETX,NYSE
ETY,NYSE
EUDG,PACF
EUDV,BATS
EUFL,PACF
EUFN,NQNM
EUFS,PACF
EUFX,PACF
EUM,PACF
EUMV,PACF
EUO,PACF
EURI,NQBB
EURL,PACF
EURN,NYSE
EUSA,PACF
EUSC,PACF
EV,NYSE
EVA,NYSE
EVAR,NQNM
EVBG,NQNM
EVBN,AMEX
EVBS,NQNM
EVC,NYSE
EVEP,NQNM
EVER,NYSE
EVER.PR.A,NYSE
EVF,NYSE
EVG,NYSE
EVGBC,NQNM
EVGN,NQNM
EVH,NYSE
EVHC,NYSE
EVHC.PR,NYSE
EVI,AMEX
EVJ,AMEX
EVLMC,NQNM
EVLV,NQNM
EVM,AMEX
EVN,NYSE
EVO,AMEX
EVOK,NQSC
EVOL,NQSC
EVP,AMEX
EVR,NYSE
EVRI,NYSE
EVSTC,NQNM
EVT,NYSE
EVTC,NYSE
EVV,AMEX
EVX,PACF
EVY,AMEX
EW,NYSE
EWA,PACF
EWBC,NQNM
EWC,PACF
EWD,PACF
EWEM,PACF
EWG,PACF
EWGS,BATS
EWH,PACF
EWI,PACF
EWJ,PACF
EWK,PACF
EWL,PACF
EWM,PACF
EWMC,PACF
EWN,PACF
EWO,PACF
EWP,PACF
EWQ,PACF
EWRE,PACF
EWS,PACF
EWSC,PACF
EWT,PACF
EWU,PACF
EWUS,BATS
EWV,PACF
EWW,PACF
EWX,PACF
EWY,PACF
EWZ,PACF
EWZS,NQNM
EXA,NQNM
EXAC,NQNM
EXAR,NYSE
EXAS,NQSC
EXC,NYSE
EXCU,NYSE
EXD,NYSE
EXEL,NQNM
EXFO,NQNM
EXG,NYSE
EXI,PACF
EXK,NYSE
EXLS,NQNM
EXP,NYSE
EXPD,NQNM
EXPE,NQNM
EXPO,NQNM
EXPR,NYSE
EXR,NYSE
EXT,PACF
EXTN,NYSE
EXTR,NQNM
EYEG,NQSC
EYES,NQSC
EYLD,BATS
EZA,PACF
EZJ,PACF
EZM,PACF
EZPW,NQNM
EZR,BATS
EZT,NYSE
EZU,BATS
EZY,PACF
F,NYSE
FAAR,NQNM
FAB,NQNM
FAC,NYSE
FAD,NQNM
FAF,NYSE
FALC,NQSC
FALN,NQNM
FAM,NYSE
FAN,PACF
FANG,NQNM
FANH,NQNM
FARM,NQNM
FARO,NQNM
FAS,PACF
FAST,NQNM
FATE,NQNM
FAUS,PACF
FAX,AMEX
FAZ,PACF
FAZZ,PACF
FB,NQNM
FBC,NYSE
FBGX,PACF
FBHS,NYSE
FBIO,NQSC
FBIZ,NQNM
FBK,NYSE
FBMS,NQNM
FBNC,NQNM
FBND,PACF
FBNK,NQNM
FBP,NYSE
FBPI,NQBB
FBR,NYSE
FBRC,NQNM
FBSS,NQSC
FBT,PACF
FBZ,NQNM
FC,NYSE
FCA,NQNM
FCAN,NQNM
FCAP,NQSC
FCAU,NYSE
FCB,NYSE
FCBC,NQNM
FCCO,NQSC
FCCY,NQNM
FCE.A,NYSE
FCE.B,NYSE
FCEF,NQNM
FCEL,NQNM
FCF,NYSE
FCFP,NQSC
FCFS,NYSE
FCG,PACF
FCH,NYSE
FCH.PR.A,NYSE
FCN,NYSE
FCNCA,NQNM
FCO,AMEX
FCOM,PACF
FCOR,PACF
FCPT,NYSE
FCSC,NQSC
FCT,NYSE
FCVT,NQNM
FCX,NYSE
FDC,NYSE
FDD,PACF
FDEF,NQNM
FDEU,NYSE
FDIS,PACF
FDIV,NQNM
FDL,PACF
FDLO,PACF
FDM,PACF
FDML,NQNM
FDMO,PACF
FDN,PACF
FDP,NYSE
FDRR,PACF
FDS,NYSE
FDT,NQNM
FDTS,NQNM
FDUS,NQNM
FDVV,PACF
FDX,NYSE
FE,NYSE
FEEU,PACF
FEI,NYSE
FEIM,NQNM
FELE,NQNM
FELP,NYSE
FEM,NQNM
FEMB,NQNM
FEMS,NQNM
FEN,AMEX
FENG,NYSE
FENX,NQNM
FENY,PACF
FEO,NYSE
FEP,NQNM
FET,NYSE
FETM,NQBB
FEU,PACF
FEX,NQNM
FEYE,NQNM
FEZ,PACF
FF,NYSE
FFA,NYSE
FFBC,NQNM
FFC,NYSE
FFFF/TEST,AMEX
FFG,NYSE
FFHL,NQSC
FFIC,NQNM
FFIN,NQNM
FFIV,NQNM
FFKT,NQNM
FFNW,NQNM
FFR,PACF
FFTY,PACF
FFWM,NQNM
FGB,NYSE
FGBI,NQNM
FGD,PACF
FGEN,NQNM
FGL,NYSE
FGM,NQNM
FGP,NYSE
FH,NQSC
FHB,NQNM
FHCO,NQSC
FHK,NQNM
FHLC,PACF
FHN,NYSE
FHN.PR.A,NYSE
FHY,NYSE
FI,NYSE
FIBG,PACF
FIBK,NQNM
FIBR,BATS
FICO,NYSE
FIDU,PACF
FIEE,PACF
FIEG,PACF
FIEU,PACF
FIF,NYSE
FIG,NYSE
FIGY,PACF
FIHD,PACF
FII,NYSE
FILL,PACF
FINL,NQNM
FINQ,NQNM
FINU,PACF
FINX,NQNM
FINZ,PACF
FIS,NYSE
FISI,NQNM
FISV,NQNM
FIT,NYSE
FITB,NQNM
FITBI,NQNM
FIV,NYSE
FIVE,NQNM
FIVN,NQNM
FIW,PACF
FIX,NYSE
FIZZ,NQNM
FJP,NQNM
FKO,NQNM
FKU,NQNM
FKYS,NQBB
FL,NYSE
FLAG,NQNM
FLAT,NQNM
FLC,NYSE
FLCO,PACF
FLDM,NQNM
FLEU,PACF
FLEX,NQNM
FLGE,PACF
FLGT,NQNM
FLIC,NQSC
FLIR,NQNM
FLKS,NQNM
FLL,NQSC
FLM,PACF
FLN,NQNM
FLO,NYSE
FLOT,PACF
FLOW,NYSE
FLQD,PACF
FLQE,PACF
FLQH,PACF
FLR,NYSE
FLRN,PACF
FLS,NYSE
FLT,NYSE
FLTB,PACF
FLTR,PACF
FLWS,NQNM
FLXN,NQNM
FLXS,NQNM
FLY,NYSE
FM,PACF
FMAT,PACF
FMB,NQNM
FMBH,NQNM
FMBI,NQNM
FMC,NYSE
FMF,PACF
FMI,NQNM
FMK,NQNM
FMN,NYSE
FMNB,NQSC
FMO,NYSE
FMS,NYSE
FMSA,NYSE
FMX,NYSE
FMY,NYSE
FN,NYSE
FNB,NYSE
FNB.PR.E,NYSE
FNBC,NQNM
FNCF,BATS
FNCL,PACF
FNCX,NQSC
FNDA,PACF
FNDB,PACF
FNDC,PACF
FNDE,PACF
FNDF,PACF
FNDX,PACF
FNF,NYSE
FNFV,NYSE
FNGN,NQNM
FNHC,NQNM
FNHM,NQBB
FNI,PACF
FNJN,NQSC
FNK,NQNM
FNLC,NQNM
FNSR,NQNM
FNV,NYSE
FNWB,NQNM
FNX,NQNM
FNY,NQNM
FOE,NYSE
FOF,NYSE
FOGO,NQNM
FOLD,NQNM
FOMX,NQNM
FONE,NQNM
FONR,NQSC
FOR,NYSE
FORD,NQSC
FORK,NQSC
FORM,NQNM
FORR,NQNM
FORTY,NQNM
FOSL,NQNM
FOX,NQNM
FOXA,NQNM
FOXF,NQNM
FPA,NQNM
FPAY,NQSC
FPE,PACF
FPF,NYSE
FPI,NYSE
FPL,NYSE
FPO,NYSE
FPP,AMEX
FPP.WS,AMEX
FPRX,NQNM
FPT,NYSE
FPX,PACF
FPXI,NQNM
FQAL,PACF
FR,NYSE
FRA,NYSE
FRAK,PACF
FRAN,NQNM
FRBA,NQNM
FRBK,NQNM
FRC,NYSE
FRC.PR.A,NYSE
FRC.PR.B,NYSE
FRC.PR.C,NYSE
FRC.PR.D,NYSE
FRC.PR.E,NYSE
FRC.PR.F,NYSE
FRC.PR.G,NYSE
FRD,AMEX
FRED,NQNM
FREL,PACF
FRGI,NQNM
FRI,PACF
FRME,NQNM
FRN,PACF
FRO,NYSE
FRP,NQSC
FRPH,NQNM
FRPT,NQNM
FRSH,NQNM
FRT,NYSE
FRTA,NQNM
FSAM,NQNM
FSB,NYSE
FSBC,NQSC
FSBK,NQNM
FSBW,NQSC
FSC,NQNM
FSCE,NYSE
FSCFL,NQNM
FSD,NYSE
FSFG,NQSC
FSFR,NQNM
FSI,AMEX
FSIC,NYSE
FSLR,NQNM
FSM,NYSE
FSNN,NQSC
FSP,AMEX
FSRL,NQBB
FSS,NYSE
FSTA,PACF
FSTR,NQNM
FSV,NQNM
FSZ,NQNM
FT,NYSE
FTA,NQNM
FTAG,NQNM
FTAI,NYSE
FTC,NQNM
FTCS,NQNM
FTD,NQNM
FTEC,PACF
FTEK,NQNM
FTF,AMEX
FTGC,NQNM
FTHI,NQNM
FTI,NYSE
FTK,NYSE
FTLB,NQNM
FTLS,PACF
FTNT,NQNM
FTR,NQNM
FTRI,NQNM
FTRPR,NQNM
FTS,NYSE
FTSD,PACF
FTSL,NQNM
FTSM,NQNM
FTV,NYSE
FTW,NQNM
FTXD,NQNM
FTXG,NQNM
FTXH,NQNM
FTXL,NQNM
FTXO,NQNM
FTXR,NQNM
FUD,PACF
FUE,PACF
FUEL,NQNM
FUL,NYSE
FULLL,NQNM
FULT,NQNM
FUN,NYSE
FUNC,NQNM
FUND,NQNM
FUSB,NQSC
FUT,BATS
FUTY,PACF
FV,NQNM
FVAL,PACF
FVC,NQNM
FVD,PACF
FVE,NQSC
FVL,PACF
FWDB,PACF
FWDD,PACF
FWP,NQNM
FWRD,NQNM
FXA,PACF
FXB,PACF
FXC,PACF
FXCH,PACF
FXCM,NQNM
FXD,PACF
FXE,PACF
FXEU,PACF
FXF,PACF
FXG,PACF
FXH,PACF
FXI,PACF
FXL,PACF
FXN,PACF
FXO,PACF
FXP,PACF
FXR,PACF
FXS,PACF
FXSG,PACF
FXU,PACF
FXY,PACF
FXZ,PACF
FYC,NQNM
FYLD,BATS
FYT,NQNM
FYX,NQNM
G,NYSE
GAA,BATS
GAB,NYSE
GAB.PR.G,NYSE
GAB.PR.H,NYSE
GAB.PR.J,NYSE
GABC,NQNM
GAF,PACF
GAIA,NQNM
GAIN,NQNM
GAINM,NQNM
GAINO,NQNM
GAL,PACF
GALE,NQSC
GALT,NQSC
GALTU,NQSC
GALTW,NQSC
GAM,NYSE
GAM.PR.B,NYSE
GAMR,PACF
GARD,BATS
GARS,NQNM
GASL,PACF
GASS,NQNM
GASX,PACF
GATX,NYSE
GAZ,PACF
GBAB,NYSE
GBB,PACF
GBCI,NQNM
GBDC,NQNM
GBF,PACF
GBIL,PACF
GBL,NYSE
GBLI,NQNM
GBLIZ,NQNM
GBNK,NQNM
GBR,AMEX
GBT,NQNM
GBX,NYSE
GCAP,NYSE
GCBC,NQSC
GCC,PACF
GCE,PACF
GCH,NYSE
GCI,NYSE
GCO,NYSE
GCP,NYSE
GCV,NYSE
GCV.PR.B,NYSE
GCVRZ,NQNM
GD,NYSE
GDDY,NYSE
GDEN,NQNM
GDJJ,PACF
GDL,NYSE
GDL.PR.B,NYSE
GDO,NYSE
GDOT,NYSE
GDS,NQNM
GDV,NYSE
GDV.PR.A,NYSE
GDV.PR.D,NYSE
GDV.PR.G,NYSE
GDX,PACF
GDXJ,PACF
GDXS,PACF
GDXX,PACF
GE,NYSE
GEB,NYSE
GEC,NQNM
GECC,NQNM
GEF,NYSE
GEF.B,NYSE
GEH,NYSE
GEK,NYSE
GEL,NYSE
GEM,PACF
GEMP,NQNM
GEN,NYSE
GENC,NQNM
GENE,NQSC
GENY,NQNM
GEO,NYSE
GEOS,NQNM
GEQ,NYSE
GER,NYSE
GERN,NQNM
GES,NYSE
GEUR,PACF
GEVO,NQSC
GEX,PACF
GF,NYSE
GFA,NYSE
GFED,NQNM
GFF,NYSE
GFI,NYSE
GFN,NQNM
GFNCP,NQNM
GFNSL,NQNM
GFY,NYSE
GG,NYSE
GGAL,NQSC
GGB,NYSE
GGE,NYSE
GGG,NYSE
GGGG/TEST,AMEX
GGM,NYSE
GGN,AMEX
GGN.PR.B,AMEX
GGO.PR.A,AMEX
GGOV,PACF
GGP,NYSE
GGP.PR.A,NYSE
GGT,NYSE
GGZ,NYSE
GGZ.PR.A,NYSE
GHC,NYSE
GHDX,NQNM
GHE,PACF
GHII,PACF
GHL,NYSE
GHM,NYSE
GHS,PACF
GHY,NYSE
GHYG,BATS
GIB,NYSE
GIFI,NQNM
GIG,AMEX
GIGA,NQSC
GIGM,NQSC
GII,PACF
GIII,NQNM
GIL,NYSE
GILD,NQNM
GILT,NQNM
GIM,NYSE
GIMO,NYSE
GIS,NYSE
GIVE,PACF
GJH,NYSE
GJO,NYSE
GJP,NYSE
GJV,NYSE
GK,NQNM
GKOS,NYSE
GLAD,NQNM
GLADO,NQNM
GLBL,NQNM
GLBS,NQSC
GLBZ,NQSC
GLD,PACF
GLDD,NQNM
GLDI,NQNM
GLF,NYSE
GLL,PACF
GLMD,NQSC
GLNG,NQNM
GLO,AMEX
GLOB,NYSE
GLOG,NYSE
GLOG.PR.A,NYSE
GLOP,NYSE
GLOW,AMEX
GLP,NYSE
GLPG,NQNM
GLPI,NQNM
GLQ,AMEX
GLRE,NQNM
GLT,NYSE
GLTR,PACF
GLU,AMEX
GLU.PR.A,AMEX
GLUU,NQNM
GLV,AMEX
GLW,NYSE
GLYC,NQNM
GM,NYSE
GM.WS.B,NYSE
GMAN,NQNM
GME,NYSE
GMED,NYSE
GMF,PACF
GML,PACF
GMLP,NQNM
GMM,PACF
GMO,AMEX
GMOM,PACF
GMRE,NYSE
GMS,NYSE
GMTA,NYSE
GMZ,NYSE
GNBC,NQNM
GNC,NYSE
GNCA,NQNM
GNCMA,NQNM
GNE,NYSE
GNE.PR.A,NYSE
GNK,NYSE
GNL,NYSE
GNMA,NQNM
GNMK,NQNM
GNMX,NQNM
GNR,PACF
GNRC,NYSE
GNRT,NYSE
GNRX,NQNM
GNT,NYSE
GNTX,NQNM
GNUS,NQSC
GNVC,NQSC
GNW,NYSE
GOEX,PACF
GOF,NYSE
GOGL,NQNM
GOGO,NQNM
GOL,NYSE
GOLD,NQNM
GOLF,NYSE
GOOD,NQNM
GOODM,NQNM
GOODO,NQNM
GOODP,NQNM
GOOG,NQNM
GOOGL,NQNM
GORO,AMEX
GOV,NQNM
GOVNI,NQNM
GOVT,PACF
GPAC,NQSC
GPC,NYSE
GPE.PR.A,NYSE
GPI,NYSE
GPIAU,NQSC
GPIAW,NQSC
GPIC,NQNM
GPK,NYSE
GPL,AMEX
GPM,NYSE
GPN,NYSE
GPOR,NQNM
GPP,NQNM
GPRE,NQNM
GPRK,NYSE
GPRO,NQNM
GPS,NYSE
GPT,NYSE
GPT.PR.A,NYSE
GPX,NYSE
GQRE,PACF
GRA,NYSE
GRAM,NYSE
GRBK,NQSC
GRC,AMEX
GREK,PACF
GRES,PACF
GRF,AMEX
GRFS,NQNM
GRI,PACF
GRID,NQNM
GRIF,NQNM
GRMN,NQNM
GRN,PACF
GROW,NQSC
GRP.U,NYSE
GRPN,NQNM
GRR,NYSE
GRU,PACF
GRUB,NYSE
GRVY,NQSC
GRX,NYSE
GRX.PR.B,NYSE
GS,NYSE
GS.PR.A,NYSE
GS.PR.B,NYSE
GS.PR.C,NYSE
GS.PR.D,NYSE
GS.PR.I,NYSE
GS.PR.J,NYSE
GS.PR.K,NYSE
GS.PR.N,NYSE
GSAT,AMEX
GSB,AMEX
GSBC,NQNM
GSBD,NYSE
GSD,BATS
GSEU,PACF
GSG,PACF
GSH,NYSE
GSIE,PACF
GSIT,NQNM
GSJY,PACF
GSK,NYSE
GSL,NYSE
GSL.PR.B,NYSE
GSLC,PACF
GSM,NQNM
GSOL,NQNM
GSP,PACF
GSS,AMEX
GST,AMEX
GST.PR.A,AMEX
GST.PR.B,AMEX
GSUM,NQNM
GSV,AMEX
GSVC,NQSC
GSY,PACF
GT,NQNM
GTAA,PACF
GTE,AMEX
GTHP,NQBB
GTIM,NQSC
GTLS,NQNM
GTN,NYSE
GTN.A,NYSE
GTO,PACF
GTS,NYSE
GTT,NYSE
GTXI,NQSC
GTY,NYSE
GTYHU,NQSC
GUID,NQNM
GULF,NQNM
GUNR,PACF
GUR,PACF
GURE,NQNM
GURI,PACF
GURU,PACF
GUSH,PACF
GUT,NYSE
GUT.PR.A,NYSE
GUT.PR.C,NYSE
GV,AMEX
GVA,NYSE
GVAL,PACF
GVI,PACF
GVIP,PACF
GVP,AMEX
GWB,NYSE
GWGH,NQSC
GWL,PACF
GWPH,NQNM
GWR,NYSE
GWRE,NYSE
GWRS,NQNM
GWW,NYSE
GWX,PACF
GXC,PACF
GXF,PACF
GXG,PACF
GXP,NYSE
GXP.PR.B,NYSE
GYB,NYSE
GYC,NYSE
GYEN,PACF
GYLD,PACF
GYRO,NQSC
GZT,NYSE
H,NYSE
HA,NQNM
HABT,NQNM
HACK,PACF
HACV,BATS
HACW,PACF
HAE,NYSE
HAFC,NQNM
HAHA,PACF
HAIN,NQNM
HAKD,PACF
HAKK,PACF
HAL,NYSE
HALL,NQNM
HALO,NQNM
HAO,PACF
HAP,PACF
HAR,NYSE
HAS,NQNM
HASI,NYSE
HAUD,PACF
HAWK,NQNM
HAWX,PACF
HAYN,NQNM
HBAN,NQNM
HBANN,NQNM
HBANO,NQNM
HBANP,NQNM
HBCP,NQNM
HBHC,NQNM
HBHCL,NQNM
HBI,NYSE
HBIO,NQNM
HBK,NQSC
HBM,NYSE
HBM.WS,NYSE
HBMD,NQSC
HBNC,NQNM
HBP,NQSC
HCA,NYSE
HCAC,NQSC
HCACW,NQSC
HCAP,NQNM
HCAPL,NQNM
HCCI,NQNM
HCHC,AMEX
HCI,NYSE
HCJ,NYSE
HCKT,NQNM
HCLP,NYSE
HCM,NQNM
HCN,NYSE
HCN.PR.I,NYSE
HCN.PR.J,NYSE
HCOM,NQNM
HCP,NYSE
HCRF,BATS
HCSG,NQNM
HD,NYSE
HDAW,PACF
HDB,NYSE
HDEE,BATS
HDEZ,BATS
HDG,PACF
HDGE,PACF
HDLS,PACF
HDLV,PACF
HDMV,PACF
HDNG,NQNM
HDP,NQNM
HDRW,BATS
HDS,NQNM
HDSN,NQSC
HDV,PACF
HDWX,PACF
HE,NYSE
HE.PR.U,NYSE
HEAR,NQNM
HEB,AMEX
HEBT,NQSC
HECO,PACF
HEDJ,PACF
HEEM,PACF
HEES,NQNM
HEFA,PACF
HEFV,BATS
HEI,NYSE
HEI.A,NYSE
HELE,NQNM
HEMV,BATS
HEOP,NQSC
HEP,NYSE
HEQ,NYSE
HES,NYSE
HES.PR.A,NYSE
HEUS,BATS
HEUV,BATS
HEWC,PACF
HEWG,PACF
HEWI,PACF
HEWJ,PACF
HEWL,PACF
HEWP,PACF
HEWU,PACF
HEWW,PACF
HEWY,PACF
HEZU,PACF
HF,NYSE
HFBC,NQNM
HFBL,NQSC
HFC,NYSE
HFEZ,PACF
HFWA,NQNM
HFXE,PACF
HFXI,PACF
HFXJ,PACF
HGEU,PACF
HGG,NYSE
HGH,NYSE
HGI,PACF
HGJP,PACF
HGSD,BATS
HGSH,NQSC
HGT,NYSE
HGV,NYSE
HH,AMEX
HHC,NYSE
HHHH/TEST,AMEX
HHS,NYSE
HHYX,PACF
HI,NYSE
HIBB,NQNM
HIE,NYSE
HIFR,NYSE
HIFS,NQNM
HIG,NYSE
HIG.WS,NYSE
HIHO,NQSC
HII,NYSE
HIIQ,NQNM
HIL,NYSE
HILO,PACF
HIMX,NQNM
HIO,NYSE
HIPS,PACF
HIVE,NYSE
HIW,NYSE
HIX,NYSE
HJV,NYSE
HK,NYSE
HK.WS,NYSE
HL,NYSE
HLF,NYSE
HLG,NQNM
HLI,NYSE
HLIT,NQNM
HLM.PR,AMEX
HLS,NYSE
HLS.WS,NYSE
HLT,NYSE
HLTH,AMEX
HLWD,NQBB
HLX,NYSE
HMC,NYSE
HMHC,NQNM
HMLP,NYSE
HMN,NYSE
HMNF,NQNM
HMNY,NQSC
HMST,NQNM
HMSY,NQNM
HMTA,NQSC
HMTV,NQNM
HMTVW,NQBB
HMY,NYSE
HNH,NQSC
HNI,NYSE
HNNA,NQSC
HNP,NYSE
HNR,NYSE
HNRG,NQSC
HNW,AMEX
HOFT,NQNM
HOG,NYSE
HOLD,PACF
HOLI,NQNM
HOLX,NQNM
HOMB,NQNM
HOME,NYSE
HON,NYSE
HONE,NQNM
HOPE,NQNM
HOS,NYSE
HOTR,NQSC
HOTRW,NQSC
HOV,NYSE
HOVNP,NQNM
HP,NYSE
HPE,NYSE
HPF,NYSE
HPI,NYSE
HPJ,NQNM
HPP,NYSE
HPQ,NYSE
HPS,NYSE
HPT,NQNM
HPTRP,NQNM
HQCL,NQNM
HQH,NYSE
HQL,NYSE
HQY,NQNM
HR,NYSE
HRB,NYSE
HRC,NYSE
HRG,NYSE
HRI,NYSE
HRL,NYSE
HRMNU,NQSC
HRMNW,NQSC
HRS,NYSE
HRT,AMEX
HRTG,NYSE
HRTX,NQSC
HRZN,NQNM
HSBC,NYSE
HSBC.PR.A,NYSE
HSC,NYSE
HSCZ,PACF
HSEA,NYSE
HSEB,NYSE
HSGX,NQNM
HSIC,NQNM
HSII,NQNM
HSKA,NQSC
HSNI,NQNM
HSON,NQNM
HSPX,PACF
HST,NYSE
HSTM,NQNM
HSY,NYSE
HT,NYSE
HT.PR.C,NYSE
HT.PR.D,NYSE
HT.PR.E,NYSE
HTA,NYSE
HTBI,NQNM
HTBK,NQNM
HTBX,NQSC
HTD,NYSE
HTF,NYSE
HTGC,NYSE
HTGM,NQNM
HTGX,NYSE
HTGY,NYSE
HTGZ,NYSE
HTH,NYSE
HTHT,NQNM
HTLD,NQNM
HTLF,NQNM
HTM,AMEX
HTUS,PACF
HTY,NYSE
HTZ,NYSE
HUBB,NYSE
HUBG,NQNM
HUBS,NYSE
HUM,NYSE
HUN,NYSE
HUNTU,NQSC
HURC,NQNM
HURN,NQNM
HUSA,AMEX
HUSE,PACF
HUSV,PACF
HVPW,PACF
HVT,NYSE
HVT.A,NYSE
HW,NYSE
HWAY,NQNM
HWBK,NQNM
HWCC,NQNM
HWKN,NQNM
HXL,NYSE
HY,NYSE
HYB,NYSE
HYD,PACF
HYDD,PACF
HYEM,PACF
HYG,PACF
HYGH,PACF
HYGS,NQNM
HYH,NYSE
HYHG,BATS
HYI,NYSE
HYIH,BATS
HYLB,PACF
HYLD,PACF
HYLS,NQNM
HYMB,PACF
HYND,NQNM
HYS,PACF
HYT,NYSE
HYXU,BATS
HYZD,NQNM
HZN,NYSE
HZNP,NQNM
HZO,NYSE
I,NYSE
IAC,NQNM
IAE,NYSE
IAF,AMEX
IAG,NYSE
IAGG,BATS
IAI,PACF
IAK,PACF
IART,NQNM
IAT,PACF
IAU,PACF
IBA,NYSE
IBB,NQNM
IBCC,PACF
IBCD,PACF
IBCE,PACF
IBCP,NQNM
IBDB,PACF
IBDC,PACF
IBDD,PACF
IBDH,PACF
IBDJ,PACF
IBDK,PACF
IBDL,PACF
IBDM,PACF
IBDN,PACF
IBDO,PACF
IBDP,PACF
IBDQ,PACF
IBDR,PACF
IBIO,AMEX
IBKC,NQNM
IBKCO,NQNM
IBKCP,NQNM
IBKR,NQNM
IBLN,PACF
IBM,NYSE
IBMF,PACF
IBMG,PACF
IBMH,PACF
IBMI,PACF
IBMJ,PACF
IBMK,PACF
IBN,NYSE
IBND,PACF
IBOC,NQNM
IBP,NYSE
IBTX,NQNM
IBUY,NQNM
ICAD,NQSC
ICB,NYSE
ICBK,NQNM
ICCC,NQSC
ICD,NYSE
ICE,NYSE
ICF,PACF
ICFI,NQNM
ICHR,NQNM
ICL,NYSE
ICLN,NQNM
ICLR,NQNM
ICOL,PACF
ICON,NQNM
ICPT,NQNM
ICSH,BATS
ICUI,NQNM
ICVT,BATS
IDA,NYSE
IDCC,NQNM
IDE,NYSE
IDHD,BATS
IDHQ,PACF
IDLV,PACF
IDMO,PACF
IDN,AMEX
IDOG,PACF
IDRA,NQSC
IDSA,NQSC
IDSY,NQNM
IDT,NYSE
IDTI,NQNM
IDU,PACF
IDV,PACF
IDX,PACF
IDXG,NQSC
IDXX,NQNM
IEC,AMEX
IEF,PACF
IEFA,PACF
IEI,PACF
IEMG,PACF
IEO,PACF
IEP,NQNM
IESC,NQNM
IEUR,PACF
IEUS,NQNM
IEV,PACF
IEX,NYSE
IEZ,PACF
IF,AMEX
IFEU,NQNM
IFF,NYSE
IFGL,NQNM
IFIX,BATS
IFLY,PACF
IFMI,AMEX
IFN,NYSE
IFON,NQSC
IFV,NQNM
IGA,NYSE
IGC,AMEX
IGD,NYSE
IGE,PACF
IGEM,PACF
IGF,NQNM
IGHG,BATS
IGI,NYSE
IGIH,BATS
IGLD,NQNM
IGM,PACF
IGN,PACF
IGOV,NQNM
IGR,NYSE
IGRO,BATS
IGT,NYSE
IGV,PACF
IGVT,BATS
IHC,NYSE
IHD,NYSE
IHDG,PACF
IHE,PACF
IHF,PACF
IHG,NYSE
IHI,PACF
IHIT,NYSE
IHT,AMEX
IHY,PACF
IID,NYSE
IIF,NYSE
III,NQNM
IIII/TEST,AMEX
IIIN,NQNM
IIJI,NQNM
IIM,NYSE
IIN,NQNM
IIPR,NYSE
IIVI,NQNM
IJH,PACF
IJJ,PACF
IJK,PACF
IJR,PACF
IJS,PACF
IJT,PACF
IKGH,NQNM
IKNX,NQSC
IL,NYSE
ILB,PACF
ILF,PACF
ILG,NQNM
ILMN,NQNM
ILTB,PACF
IMAX,NYSE
IMDZ,NQNM
IMGN,NQNM
IMH,AMEX
IMI,NQNM
IMKTA,NQNM
IMLP,PACF
IMMR,NQNM
IMMU,NQNM
IMMY,NQSC
IMN,NYSE
IMNP,NQSC
IMO,AMEX
IMOM,BATS
IMOS,NQNM
IMPV,NQNM
IMTB,PACF
IMTM,PACF
IMUC,AMEX
INAP,NQNM
INB,NYSE
INBK,NQNM
INBKL,NQNM
INCO,PACF
INCR,NQNM
INCY,NQNM
INDA,BATS
INDB,NQNM
INDF,BATS
INDL,PACF
INDY,NQNM
INF,NYSE
INFI,NQNM
INFN,NQNM
INFO,NQNM
INFR,NQNM
INFU,AMEX
INFY,NYSE
ING,NYSE
INGN,NQNM
INGR,NYSE
INKM,PACF
INN,NYSE
INN.PR.B,NYSE
INN.PR.C,NYSE
INN.PR.D,NYSE
INNL,NQNM
INO,NQNM
INOD,NQNM
INOV,NQNM
INP,PACF
INS,AMEX
INSE,NQSC
INSEW,NQSC
INSG,NQNM
INSI,NYSE
INSM,NQNM
INST,NYSE
INSW,NYSE
INSY,NQNM
INT,NYSE
INTC,NQNM
INTF,PACF
INTG,NQSC
INTL,NQNM
INTT,AMEX
INTU,NQNM
INTX,NQNM
INUV,AMEX
INVA,NQNM
INVE,NQSC
INVN,NYSE
INVT,NQSC
INWK,NQNM
INXN,NYSE
INXX,PACF
INZ,NYSE
IO,NYSE
IOC,NYSE
IOIL,PACF
IONS,NQNM
IOO,PACF
IOSP,NQNM
IOT,AMEX
IOTS,NQSC
IP,NYSE
IPAC,PACF
IPAR,NQNM
IPAS,NQNM
IPAY,PACF
IPB,AMEX
IPCC,NQNM
IPCI,NQSC
IPD,PACF
IPDN,NQSC
IPE,PACF
IPF,PACF
IPFF,PACF
IPG,NYSE
IPGP,NQNM
IPHI,NYSE
IPHS,NQNM
IPI,NYSE
IPK,PACF
IPKW,NQNM
IPL.PR.D,NYSE
IPN,PACF
IPO,PACF
IPOS,PACF
IPS,PACF
IPU,PACF
IPW,PACF
IPWR,NQSC
IPXL,NQNM
IQDE,PACF
IQDF,PACF
IQDG,BATS
IQDY,PACF
IQI,NYSE
IQLT,PACF
IQNT,NQNM
IR,NYSE
IRBT,NQNM
IRCP,NQNM
IRDM,NQNM
IRDMB,NQNM
IRET,NYSE
IRET.PR.B,NYSE
IRG,NQNM
IRIX,NQNM
IRL,NYSE
IRM,NYSE
IRMD,NQSC
IROQ,NQSC
IRR,NYSE
IRS,NYSE
IRT,AMEX
IRTC,NQNM
IRV,PACF
IRWD,NQNM
IRY,PACF
ISBC,NQNM
ISCA,NQNM
ISCF,PACF
ISD,NYSE
ISF,NYSE
ISG,NYSE
ISHG,NQNM
ISIG,NQSC
ISIL,NQNM
ISL,AMEX
ISLE,NQNM
ISNS,NQSC
ISP,NYSE
ISR,AMEX
ISRA,PACF
ISRG,NQNM
ISRL,NQSC
ISSC,NQNM
IST,PACF
ISTB,PACF
ISTR,NQNM
ISZE,PACF
IT,NYSE
ITA,PACF
ITB,PACF
ITCB,NYSE
ITCI,NQNM
ITE,PACF
ITEK,NQNM
ITEQ,NQNM
ITG,NYSE
ITGR,NYSE
ITI,NQSC
ITIC,NQNM
ITM,PACF
ITML,BATS
ITMS,BATS
ITOT,PACF
ITR,PACF
ITRI,NQNM
ITRN,NQNM
ITT,NYSE
ITUB,NYSE
ITUS,NQSC
ITW,NYSE
IUSB,PACF
IUSG,PACF
IUSV,PACF
IVAC,NQNM
IVAL,BATS
IVC,NYSE
IVE,PACF
IVENC,NQNM
IVFGC,NQNM
IVFVC,NQNM
IVH,NYSE
IVLU,PACF
IVOG,PACF
IVOO,PACF
IVOV,PACF
IVR,NYSE
IVR.PR.A,NYSE
IVR.PR.B,NYSE
IVTY,NQNM
IVV,PACF
IVW,PACF
IVZ,NYSE
IWB,PACF
IWC,PACF
IWD,PACF
IWF,PACF
IWL,PACF
IWM,PACF
IWN,PACF
IWO,PACF
IWP,PACF
IWR,PACF
IWS,PACF
IWV,PACF
IWX,PACF
IWY,PACF
IX,NYSE
IXC,PACF
IXG,PACF
IXJ,PACF
IXN,PACF
IXP,PACF
IXUS,NQNM
IXYS,NQNM
IYC,PACF
IYE,PACF
IYF,PACF
IYG,PACF
IYH,PACF
IYJ,PACF
IYK,PACF
IYLD,BATS
IYM,PACF
IYR,PACF
IYT,PACF
IYW,PACF
IYY,PACF
IYZ,PACF
IZEA,NQSC
JACK,NQNM
JAGX,NQSC
JAKK,NQNM
JASN,NQSC
JASNW,NQSC
JASO,NQNM
JAX,NYSE
JAZZ,NQNM
JBHT,NQNM
JBK,NYSE
JBL,NYSE
JBLU,NQNM
JBN,NYSE
JBR,NYSE
JBSS,NQNM
JBT,NYSE
JCAP,NYSE
JCE,NYSE
JCI,NYSE
JCOM,NQNM
JCP,NYSE
JCS,NQNM
JCTCF,NQSC
JD,NQNM
JDD,NYSE
JDG,PACF
JDST,PACF
JE,NYSE
JEC,NYSE
JEQ,NYSE
JETS,PACF
JFC,NYSE
JFR,NYSE
JGH,NYSE
JHA,NYSE
JHB,NYSE
JHD,NYSE
JHDG,PACF
JHI,NYSE
JHMA,PACF
JHMC,PACF
JHMD,PACF
JHME,PACF
JHMF,PACF
JHMH,PACF
JHMI,PACF
JHML,PACF
JHMM,PACF
JHMS,PACF
JHMT,PACF
JHMU,PACF
JHS,NYSE
JHX,NYSE
JHY,NYSE
JIVE,NQNM
JJA,PACF
JJC,PACF
JJE,PACF
JJG,PACF
JJJJ/TEST,AMEX
JJM,PACF
JJN,PACF
JJP,PACF
JJS,PACF
JJSF,NQNM
JJU,PACF
JKD,PACF
JKE,PACF
JKF,PACF
JKG,PACF
JKH,PACF
JKHY,NQNM
JKI,NQNM
JKJ,PACF
JKK,PACF
JKL,PACF
JKS,NYSE
JLL,NYSE
JLS,NYSE
JMBA,NQNM
JMEI,NYSE
JMF,NYSE
JMLP,NYSE
JMM,NYSE
JMP,NYSE
JMPB,NYSE
JMPC,NYSE
JMT,NYSE
JMU,NQNM
JNJ,NYSE
JNK,PACF
JNP,NQNM
JNPR,NYSE
JNS,NYSE
JNUG,PACF
JO,PACF
JOB,AMEX
JOBS,NQNM
JOE,NYSE
JOF,NYSE
JONE,NYSE
JOUT,NQNM
JOY,NYSE
JP,NYSE
JPC,NYSE
JPEM,PACF
JPEP,NYSE
JPGE,PACF
JPHF,PACF
JPHY,BATS
JPI,NYSE
JPIH,PACF
JPIN,PACF
JPM,NYSE
JPM.PR.A,NYSE
JPM.PR.B,NYSE
JPM.PR.D,NYSE
JPM.PR.E,NYSE
JPM.PR.F,NYSE
JPM.PR.G,NYSE
JPM.PR.H,NYSE
JPM.WS,NYSE
JPME,PACF
JPMV,PACF
JPN,PACF
JPNH,BATS
JPNL,PACF
JPS,NYSE
JPSE,PACF
JPUS,PACF
JPW,NYSE
JPXN,PACF
JQC,NYSE
JRI,NYSE
JRJC,NQNM
JRJR,AMEX
JRO,NYSE
JRS,NYSE
JRVR,NQNM
JSD,NYSE
JSM,NQNM
JSMD,NQNM
JSML,NQNM
JSYNR,NQSC
JSYNU,NQSC
JSYNW,NQSC
JTA,NYSE
JTD,NYSE
JTPY,NQSC
JUNE,PACF
JUNO,NQNM
JVA,NQSC
JW.A,NYSE
JW.B,NYSE
JWN,NYSE
JXI,PACF
JYNT,NQSC
K,NYSE
KAI,NYSE
KALU,NQNM
KALV,NQNM
KAMN,NYSE
KANG,NQNM
KAP,NYSE
KAR,NYSE
KATE,NYSE
KB,NYSE
KBA,PACF
KBAL,NQNM
KBE,PACF
KBH,NYSE
KBR,NYSE
KBSF,NQSC
KBWB,NQNM
KBWD,NQNM
KBWP,NQNM
KBWR,NQNM
KBWY,NQNM
KCAP,NQNM
KCC,NYSE
KCE,PACF
KCG,NYSE
KCNY,PACF
KDMN,NYSE
KDUS,NQBB
KE,NQNM
KED,NYSE
KEF,NYSE
KEG,NYSE
KELYA,NQNM
KEM,NYSE
KEMP,BATS
KEP,NYSE
KEQU,NQNM
KERX,NQSC
KEX,NYSE
KEY,NYSE
KEY.PR.G,NYSE
KEY.PR.H,NYSE
KEY.PR.I,NYSE
KEYS,NYSE
KEYW,NQNM
KF,NYSE
KFFB,NQNM
KFI,NYSE
KFN.PR,NYSE
KFRC,NQNM
KFS,NYSE
KFY,NYSE
KGC,NYSE
KGJI,NQSC
KHC,NQNM
KIE,PACF
KIM,NYSE
KIM.PR.I,NYSE
KIM.PR.J,NYSE
KIM.PR.K,NYSE
KIN,NQSC
KINS,NQSC
KIO,NYSE
KIQ,AMEX
KIRK,NQNM
KITE,NQNM
KKKK/TEST,AMEX
KKR,NYSE
KKR.PR.A,NYSE
KKR.PR.B,NYSE
KLAC,NQNM
KLD,PACF
KLDW,PACF
KLDX,AMEX
KLIC,NQNM
KLRE,NQSC
KLREU,NQSC
KLREW,NQSC
KLXI,NQNM
KMB,NYSE
KMDA,NQNM
KMF,NYSE
KMG,NYSE
KMI,NYSE
KMI.PR.A,NYSE
KMI.WS,NYSE
KMM,NYSE
KMPA,NYSE
KMPH,NQNM
KMPR,NYSE
KMT,NYSE
KMX,NYSE
KN,NYSE
KND,NYSE
KNDI,NQNM
KNL,NYSE
KNOP,NYSE
KNOW,PACF
KNSL,NQNM
KNX,NYSE
KO,NYSE
KODK,NYSE
KODK.WS,NYSE
KOF,NYSE
KOL,PACF
KOLD,PACF
KONA,NQNM
KONE,NQSC
KOOL,NQSC
KOP,NYSE
KOPN,NQNM
KORS,NYSE
KORU,PACF
KOS,NYSE
KOSS,NQSC
KPTI,NQNM
KR,NYSE
KRA,NYSE
KRC,NYSE
KRC.PR.G,NYSE
KRC.PR.H,NYSE
KRE,PACF
KRG,NYSE
KRMA,NQNM
KRNT,NQNM
KRNY,NQNM
KRO,NYSE
KROO,PACF
KRS,PACF
KRU,PACF
KS,NYSE
KSA,PACF
KSBI,NQBB
KSM,NYSE
KSS,NYSE
KST,NYSE
KSU,NYSE
KSU.PR,NYSE
KT,NYSE
KTCC,NQNM
KTEC,NQNM
KTF,NYSE
KTH,NYSE
KTN,NYSE
KTOS,NQNM
KTOV,NQSC
KTOVW,NQSC
KTP,NYSE
KTWO,NQNM
KURA,NQNM
KVHI,NQNM
KW,NYSE
KWEB,NQNM
KWN,NYSE
KWR,NYSE
KWT,PACF
KXI,PACF
KYE,NYSE
KYN,NYSE
KYN.PR.F,NYSE
KYO,NYSE
KZ,NQNM
L,NYSE
LABD,PACF
LABL,NQNM
LABS,PACF
LABU,PACF
LAD,NYSE
LADR,NYSE
LAKE,NQNM
LALT,NQNM
LAMR,NQNM
LANC,NQNM
LAND,NQNM
LANDP,NQNM
LAQ,AMEX
LARE,PACF
LARK,NQNM
LAWS,NQNM
LAYN,NQNM
LAZ,NYSE
LB,NYSE
LBAI,NQNM
LBCP,NQBB
LBF,NYSE
LBIO,NQNM
LBIX,NQSC
LBJ,PACF
LBRDA,NQNM
LBRDK,NQNM
LBTYA,NQNM
LBTYB,NQNM
LBTYK,NQNM
LBY,AMEX
LC,NYSE
LCA,NQSC
LCAHU,NQSC
LCAHW,NQSC
LCI,NYSE
LCII,NYSE
LCM,NYSE
LCNB,NQSC
LCUT,NQNM
LD,PACF
LDF,NYSE
LDL,NYSE
LDOS,NYSE
LDP,NYSE
LDR,NYSE
LDRI,NQNM
LDUR,PACF
LE,NQSC
LEA,NYSE
LEAD,BATS
LECO,NQNM
LEDS,NQSC
LEE,NYSE
LEG,NYSE
LEJU,NYSE
LEMB,PACF
LEN,NYSE
LEN.B,NYSE
LENS,NQNM
LEO,NYSE
LEU,AMEX
LEXEA,NQNM
LEXEB,NQNM
LFC,NYSE
LFGR,NYSE
LFL,NYSE
LFUS,NQNM
LFVN,NQSC
LGCY,NQNM
LGCYO,NQNM
LGCYP,NQNM
LGF.A,NYSE
LGF.B,NYSE
LGI,NYSE
LGIH,NQNM
LGL,AMEX
LGLV,PACF
LGND,NQNM
LH,NYSE
LHCG,NQNM
LHO,NYSE
LHO.PR.H,NYSE
LHO.PR.I,NYSE
LHO.PR.J,NYSE
LIFE,NQNM
LII,NYSE
LILA,NQNM
LILAK,NQNM
LINC,NQNM
LIND,NQSC
LINDW,NQSC
LINK,NQSC
LION,NQNM
LIOX,NQNM
LIQT,AMEX
LIT,PACF
LITB,NYSE
LITE,NQNM
LIVE,NQSC
LIVN,NQNM
LJPC,NQSC
LKFN,NQNM
LKOR,NQNM
LKQ,NQNM
LKSD,NYSE
LL,NYSE
LLIT,NQSC
LLL,NYSE
LLLL/TEST,AMEX
LLNW,NQNM
LLSP,PACF
LLTC,NQNM
LLY,NYSE
LM,NYSE
LMAT,NQNM
LMB,NQSC
LMBS,NQNM
LMCA,NQNM
LMCK,NQNM
LMFA,NQSC
LMHA,NYSE
LMHB,NYSE
LMIA,NQNM
LMLP,PACF
LMNR,NQNM
LMNX,NQNM
LMOS,NQNM
LMRK,NQNM
LMRKO,NQNM
LMRKP,NQNM
LMT,NYSE
LN,NYSE
LNC,NYSE
LNC.WS,NYSE
LNCE,NQNM
LND,NYSE
LNDC,NQNM
LNG,AMEX
LNN,NYSE
LNT,NYSE
LNTH,NQNM
LOAN,NQSC
LOB,NQNM
LOCK,NYSE
LOCO,NQNM
LODE,AMEX
LOGI,NQNM
LOGM,NQNM
LONE,NQNM
LOPE,NQNM
LOR,NYSE
LORL,NQNM
LOV,AMEX
LOW,NYSE
LOWC,PACF
LOXO,NQNM
LPBC,NQBB
LPCN,NQSC
LPG,NYSE
LPI,NYSE
LPL,NYSE
LPLA,NQNM
LPNT,NQNM
LPSN,NQNM
LPT,NYSE
LPTH,NQSC
LPX,NYSE
LQ,NYSE
LQD,PACF
LQDH,PACF
LQDT,NQNM
LRAD,NQSC
LRCX,NQNM
LRET,PACF
LRGF,PACF
LRN,NYSE
LSBG,NQNM
LSBK,NQNM
LSCC,NQNM
LSI,NYSE
LSTK,PACF
LSTR,NQNM
LSVX,PACF
LSXMA,NQNM
LSXMB,NQNM
LSXMK,NQNM
LTBR,NQSC
LTC,NYSE
LTEA,NQSC
LTL,PACF
LTPZ,PACF
LTRPA,NQNM
LTRPB,NQNM
LTRX,NQSC
LTS,AMEX
LTS.PR.A,AMEX
LTXB,NQNM
LUB,NYSE
LUK,NYSE
LULU,NQNM
LUNA,NQSC
LUV,NYSE
LUX,NYSE
LVHB,BATS
LVHD,NQNM
LVHE,BATS
LVHI,BATS
LVL,PACF
LVLT,NYSE
LVNTA,NQNM
LVNTB,NQNM
LVS,NYSE
LW,NYSE
LWAY,NQNM
LWC,PACF
LXFR,NYSE
LXFT,NYSE
LXP,NYSE
LXP.PR.C,NYSE
LXRX,NQNM
LXU,NYSE
LYB,NYSE
LYG,NYSE
LYTS,NQNM
LYV,NYSE
LZB,NYSE
M,NYSE
MA,NYSE
MAA,NYSE
MAA.PR.I,NYSE
MAB,AMEX
MAC,NYSE
MACK,NQNM
MACQ,NQSC
MAG,AMEX
MAGS,NQNM
MAIN,NYSE
MAMS,NQSC
MAN,NYSE
MANH,NQNM
MANT,NQNM
MANU,NYSE
MAR,NQNM
MARA,NQSC
MARK,NQSC
MARPS,NQSC
MAS,NYSE
MASI,NQNM
MAT,NQNM
MATF,BATS
MATH,PACF
MATR,NQNM
MATW,NQNM
MATX,NYSE
MAUI,NQNM
MAV,NYSE
MB,NQNM
MBB,PACF
MBCN,NQSC
MBFI,NQNM
MBFIP,NQNM
MBG,PACF
MBI,NYSE
MBII,NQSC
MBLX,NQSC
MBLY,NYSE
MBOT,NQSC
MBRG,NQSC
MBRX,NQSC
MBSD,NQNM
MBT,NYSE
MBTF,NQNM
MBUU,NQNM
MBVT,NQNM
MBVX,NQSC
MBWM,NQNM
MC,NYSE
MCA,NYSE
MCBC,NQNM
MCC,NYSE
MCD,NYSE
MCEF,NQNM
MCEP,NQNM
MCF,AMEX
MCFT,NQNM
MCHI,NQNM
MCHP,NQNM
MCHX,NQNM
MCI,NYSE
MCK,NYSE
MCN,NYSE
MCO,NYSE
MCQ,NYSE
MCR,NYSE
MCRB,NQNM
MCRI,NQNM
MCRN,NYSE
MCRO,PACF
MCS,NYSE
MCUR,NQNM
MCV,NYSE
MCX,NYSE
MCY,NYSE
MCZ,AMEX
MD,NYSE
MDC,NYSE
MDCA,NQNM
MDCO,NQNM
MDGL,NQSC
MDGS,NQSC
MDIV,NQNM
MDLX,NYSE
MDLY,NYSE
MDLZ,NQNM
MDP,NYSE
MDR,NYSE
MDRX,NQNM
MDSO,NQNM
MDSY,NQSC
MDT,NYSE
MDU,NYSE
MDVX,NQSC
MDVXW,NQSC
MDWD,NQNM
MDXG,NQSC
MDY,PACF
MDYG,PACF
MDYV,PACF
MEAR,BATS
MED,NYSE
MEDP,NQNM
MEET,NQSC
MEG,NYSE
MEI,NYSE
MEIP,NQSC
MELI,NQNM
MELR,NQSC
MELT,PACF
MEMP,NQNM
MEN,NYSE
MENT,NQNM
MENU,PACF
MEOH,NQNM
MEP,NYSE
MER.PR.K,NYSE
MER.PR.P,NYSE
MERC,NQNM
MESO,NQNM
MET,NYSE
MET.PR.A,NYSE
MFA,NYSE
MFA.PR.B,NYSE
MFC,NYSE
MFCB,NYSE
MFD,NYSE
MFDB,NQBB
MFG,NYSE
MFIN,NQNM
MFINL,NQNM
MFL,NYSE
MFM,NYSE
MFNC,NQSC
MFO,NYSE
MFRI,NQNM
MFS,NYSE
MFSF,NQNM
MFT,NYSE
MFV,NYSE
MG,NYSE
MGA,NYSE
MGC,PACF
MGCD,NQSC
MGEE,NQNM
MGF,NYSE
MGH,AMEX
MGI,NQNM
MGIC,NQNM
MGK,PACF
MGLN,NQNM
MGM,NYSE
MGNX,NQNM
MGP,NYSE
MGPI,NQNM
MGR,NYSE
MGRC,NQNM
MGU,NYSE
MGV,PACF
MGYR,NQNM
MH.PR.A,NYSE
MH.PR.C,NYSE
MHD,NYSE
MHE,AMEX
MHF,NYSE
MHG,NYSE
MHH,AMEX
MHI,NYSE
MHK,NYSE
MHLA,NYSE
MHLD,NQNM
MHN,NYSE
MHNB,NYSE
MHNC,NYSE
MHO,NYSE
MHO.PR.A,NYSE
MIC,NYSE
MICT,NQSC
MICTW,NQSC
MIDD,NQNM
MIDU,PACF
MIDZ,PACF
MIE,NYSE
MIII,NQSC
MIIIU,NQSC
MIIIW,NQSC
MIK,NQNM
MILN,NQNM
MIME,NQNM
MIN,NYSE
MINC,PACF
MIND,NQNM
MINDP,NQNM
MINI,NQNM
MINT,PACF
MIRN,NQNM
MITK,NQSC
MITL,NQNM
MITT,NYSE
MITT.PR.A,NYSE
MITT.PR.B,NYSE
MIW,AMEX
MIXT,NYSE
MIY,NYSE
MJCO,AMEX
MJN,NYSE
MKC,NYSE
MKC.V,NYSE
MKL,NYSE
MKSI,NQNM
MKTX,NQNM
MLAB,NQNM
MLHR,NQNM
MLI,NYSE
MLM,NYSE
MLN,PACF
MLNK,NQNM
MLNX,NQNM
MLP,NYSE
MLPA,PACF
MLPC,PACF
MLPG,PACF
MLPI,PACF
MLPJ,PACF
MLPQ,PACF
MLPX,PACF
MLPY,PACF
MLPZ,PACF
MLR,NYSE
MLSS,AMEX
MLTI,PACF
MLVF,NQNM
MMAC,NQSC
MMC,NYSE
MMD,NYSE
MMI,NYSE
MMLP,NQNM
MMM,NYSE
MMP,NYSE
MMS,NYSE
MMSI,NQNM
MMT,NYSE
MMTM,PACF
MMU,NYSE
MMV,AMEX
MMYT,NQNM
MN,NYSE
MNA,PACF
MNDO,NQNM
MNE,NYSE
MNGA,NQSC
MNI,NYSE
MNK,NYSE
MNKD,NQNM
MNOV,NQNM
MNP,NYSE
MNR,NYSE
MNR.PR.B,NYSE
MNR.PR.C,NYSE
MNRO,NQNM
MNST,NQNM
MNTA,NQNM
MNTX,NQSC
MO,NYSE
MOAT,PACF
MOBL,NQNM
MOC,AMEX
MOCO,NQNM
MOD,NYSE
MODN,NYSE
MOFG,NQNM
MOG.A,NYSE
MOG.B,NYSE
MOGLC,NQNM
MOH,NYSE
MOM,PACF
MOMO,NQNM
MON,NYSE
MOO,PACF
MORE,NYSE
MORL,PACF
MORN,NQNM
MORT,PACF
MOS,NYSE
MOSY,NQSC
MOTI,PACF
MOV,NYSE
MOXC,NQSC
MP.PR.D,NYSE
MPA,NYSE
MPAA,NQNM
MPB,NQNM
MPC,NYSE
MPCT,NQNM
MPEL,NQNM
MPET,NQSC
MPG,NYSE
MPLX,NYSE
MPO,AMEX
MPSX,NYSE
MPV,NYSE
MPVD,NQNM
MPW,NYSE
MPWR,NQNM
MPX,NYSE
MQT,NYSE
MQY,NYSE
MRAM,NQNM
MRC,NYSE
MRCC,NQNM
MRCY,NQNM
MRGR,BATS
MRIN,NYSE
MRK,NYSE
MRLN,NQNM
MRNS,NQNM
MRO,NYSE
MRRL,PACF
MRT,NYSE
MRTN,NQNM
MRTX,NQSC
MRUS,NQNM
MRVC,NQSC
MRVL,NQNM
MS,NYSE
MS.PR.A,NYSE
MS.PR.E,NYSE
MS.PR.F,NYSE
MS.PR.G,NYSE
MS.PR.I,NYSE
MSA,NYSE
MSB,NYSE
MSBF,NQNM
MSBI,NQNM
MSCA,NYSE
MSCC,NQNM
MSCI,NYSE
MSD,NYSE
MSDI,NQSC
MSEX,NQNM
MSF,NYSE
MSFG,NQNM
MSFT,NQNM
MSG,NYSE
MSGN,NYSE
MSI,NYSE
MSL,NYSE
MSLI,NQSC
MSM,NYSE
MSN,AMEX
MSON,NQNM
MSP,NYSE
MSTR,NQNM
MSTX,AMEX
MT,NYSE
MTB,NYSE
MTB.PR.C,NYSE
MTB.WS,NYSE
MTBC,NQSC
MTBCP,NQSC
MTCH,NQNM
MTD,NYSE
MTDR,NYSE
MTEX,NQNM
MTFB,NQSC
MTFBW,NQSC
MTG,NYSE
MTGB,NQBB
MTGE,NQNM
MTGEP,NQNM
MTH,NYSE
MTK,PACF
MTL,NYSE
MTL.PR,NYSE
MTLS,NQNM
MTN,NYSE
MTOR,NYSE
MTP,NQSC
MTR,NYSE
MTRN,NYSE
MTRX,NQNM
MTSC,NQNM
MTSI,NQNM
MTSL,NQSC
MTT,NYSE
MTU,NYSE
MTUM,PACF
MTW,NYSE
MTX,NYSE
MTZ,NYSE
MU,NQNM
MUA,NYSE
MUB,PACF
MUC,NYSE
MUE,NYSE
MUH,NYSE
MUI,NYSE
MUJ,NYSE
MUNI,PACF
MUR,NYSE
MUS,NYSE
MUSA,NYSE
MUX,NYSE
MVC,NYSE
MVCB,NYSE
MVF,AMEX
MVIS,NQNM
MVO,NYSE
MVT,NYSE
MVV,PACF
MWA,NYSE
MX,NYSE
MXC,AMEX
MXE,NYSE
MXF,NYSE
MXI,PACF
MXIM,NQNM
MXL,NYSE
MXPT,NQNM
MXWL,NQNM
MYC,NYSE
MYCC,NYSE
MYD,NYSE
MYE,NYSE
MYF,NYSE
MYGN,NQNM
MYI,NYSE
MYJ,NYSE
MYL,NQNM
MYN,NYSE
MYOK,NQNM
MYOS,NQSC
MYOV,NYSE
MYRG,NQNM
MYY,PACF
MZA,AMEX
MZF,NYSE
MZOR,NQNM
MZZ,PACF
NAC,NYSE
NAD,NYSE
NADL,NYSE
NAII,NQNM
NAIL,PACF
NAK,AMEX
NAKD,NQSC
NAME,NQNM
NAN,NYSE
NANO,NQNM
NANR,PACF
NAO,NYSE
NAOV,NQBB
NAP,NYSE
NASH,PACF
NAT,NYSE
NATH,NQNM
NATI,NQNM
NATR,NQSC
NAUH,NQNM
NAV,NYSE
NAV.PR.D,NYSE
NAVB,AMEX
NAVG,NQNM
NAVI,NQNM
NAZ,NYSE
NBB,NYSE
NBD,NYSE
NBEV,NQBB
NBH,AMEX
NBHC,NYSE
NBIX,NQNM
NBL,NYSE
NBLX,NYSE
NBN,NQNM
NBO,AMEX
NBR,NYSE
NBRV,NQNM
NBTB,NQNM
NBW,AMEX
NBY,AMEX
NC,NYSE
NCA,NYSE
NCB,NYSE
NCBS,NQSC
NCI,NYSE
NCIT,NQNM
NCLH,NQNM
NCMI,NQNM
NCOM,NQNM
NCR,NYSE
NCS,NYSE
NCTY,NQNM
NCV,NYSE
NCZ,NYSE
NDAQ,NQNM
NDLS,NQNM
NDP,NYSE
NDRM,NQNM
NDRO,NYSE
NDSN,NQNM
NE,NYSE
NEA,NYSE
NEAR,BATS
NEE,NYSE
NEE.PR.C,NYSE
NEE.PR.G,NYSE
NEE.PR.H,NYSE
NEE.PR.I,NYSE
NEE.PR.J,NYSE
NEE.PR.K,NYSE
NEE.PR.Q,NYSE
NEE.PR.R,NYSE
NEFF,NYSE
NEM,NYSE
NEN,AMEX
NEO,NQSC
NEOG,NQNM
NEON,NQSC
NEOS,NQNM
NEOT,NQNM
NEP,NYSE
NEPH,NQBB
NEPT,NQSC
NERV,NQNM
NETE,NQSC
NEU,NYSE
NEV,NYSE
NEWM,NYSE
NEWR,NYSE
NEWS,NQNM
NEWT,NQNM
NEWTL,NQNM
NEWTZ,NQNM
NFBK,NQNM
NFEC,NQSC
NFG,NYSE
NFJ,NYSE
NFLT,PACF
NFLX,NQNM
NFO,PACF
NFRA,PACF
NFX,NYSE
NG,AMEX
NGD,AMEX
NGE,PACF
NGG,NYSE
NGHC,NQNM
NGHCN,NQNM
NGHCO,NQNM
NGHCP,NQNM
NGHCZ,NQNM
NGL,NYSE
NGLS.PR.A,NYSE
NGS,NYSE
NGVC,NYSE
NGVT,NYSE
NH,NQNM
NHA,NYSE
NHC,AMEX
NHF,NYSE
NHI,NYSE
NHLD,NQSC
NHS,AMEX
NHTC,NQSC
NI,NYSE
NIB,PACF
NICE,NQNM
NICK,NQNM
NID,NYSE
NIDB,NQBB
NIE,NYSE
NIHD,NQNM
NILE,NQNM
NIM,NYSE
NIQ,NYSE
NJR,NYSE
NJV,AMEX
NK,NQNM
NKE,NYSE
NKG,NYSE
NKSH,NQSC
NKTR,NQNM
NKX,NYSE
NL,NYSE
NLNK,NQNM
NLR,PACF
NLS,NYSE
NLSN,NYSE
NLST,NQSC
NLY,NYSE
NLY.PR.A,NYSE
NLY.PR.C,NYSE
NLY.PR.D,NYSE
NLY.PR.E,NYSE
NM,NYSE
NM.PR.G,NYSE
NM.PR.H,NYSE
NMBL,NYSE
NMFC,NYSE
NMI,NYSE
NMIH,NQNM
NML,AMEX
NMM,NYSE
NMR,NYSE
NMRX,NQNM
NMS,NYSE
NMT,NYSE
NMY,NYSE
NMZ,NYSE
NNA,NYSE
NNBR,NQNM
NNC,NYSE
NNDM,NQSC
NNI,NYSE
NNN,NYSE
NNN.PR.D,NYSE
NNN.PR.E,NYSE
NNN.PR.F,NYSE
NNNN/TEST,AMEX
NNVC,AMEX
NNY,NYSE
NOA,NYSE
NOAH,NYSE
NOBL,BATS
NOC,NYSE
NOG,AMEX
NOK,NYSE
NOM,NYSE
NOMD,NYSE
NORD,NYSE
NORW,PACF
NOV,NYSE
NOVN,NQNM
NOVT,NQNM
NOW,NYSE
NP,NYSE
NPK,NYSE
NPN,AMEX
NPO,NYSE
NPTN,NYSE
NPV,NYSE
NQ,NYSE
NQP,NYSE
NR,NYSE
NRCIA,NQNM
NRCIB,NQNM
NRE,NYSE
NRF,NYSE
NRF.PR.A,NYSE
NRF.PR.B,NYSE
NRF.PR.C,NYSE
NRF.PR.D,NYSE
NRF.PR.E,NYSE
NRG,NYSE
NRIM,NQNM
NRK,NYSE
NRO,AMEX
NRP,NYSE
NRT,NYSE
NRZ,NYSE
NS,NYSE
NS.PR.A,NYSE
NSA,NYSE
NSAM,NYSE
NSAT,AMEX
NSC,NYSE
NSEC,NQNM
NSH,NYSE
NSIT,NQNM
NSL,NYSE
NSM,NYSE
NSP,NYSE
NSPR,AMEX
NSR,NYSE
NSS,NYSE
NSSC,NQNM
NSTG,NQNM
NSU,AMEX
NSYS,NQSC
NTAP,NQNM
NTB,NYSE
NTC,NYSE
NTCT,NQNM
NTEC,NQSC
NTES,NQNM
NTG,NYSE
NTGR,NQNM
NTIC,NQNM
NTIP,AMEX
NTL,NYSE
NTLA,NQNM
NTN,AMEX
NTNX,NQNM
NTP,NYSE
NTRA,NQNM
NTRI,NQNM
NTRS,NQNM
NTRSP,NQNM
NTT,NYSE
NTWK,NQSC
NTX,NYSE
NTZ,NYSE
NUAG,PACF
NUAN,NQNM
NUE,NYSE
NUGT,PACF
NULG,BATS
NULV,BATS
NUM,NYSE
NUMG,BATS
NUMV,BATS
NUO,NYSE
NURE,BATS
NURO,NQSC
NUROW,NQSC
NUS,NYSE
NUSC,BATS
NUTR,NQNM
NUV,NYSE
NUVA,NQNM
NUW,NYSE
NVAX,NQNM
NVCN,NQSC
NVCR,NQNM
NVDA,NQNM
NVDQ,NQNM
NVEC,NQSC
NVEE,NQSC
NVET,NQNM
NVFY,NQNM
NVG,NYSE
NVGN,NQSC
NVGS,NYSE
NVIV,NQNM
NVLN,NQNM
NVLS,NQNM
NVMI,NQNM
NVO,NYSE
NVR,NYSE
NVRO,NYSE
NVS,NYSE
NVTA,NYSE
NVTR,NQNM
NW.PR.C,NYSE
NWBI,NQNM
NWE,NYSE
NWFL,NQNM
NWHM,NYSE
NWL,NYSE
NWLI,NQNM
NWN,NYSE
NWPX,NQNM
NWS,NQNM
NWSA,NQNM
NWY,NYSE
NX,NYSE
NXC,NYSE
NXEO,NQSC
NXEOW,NQSC
NXJ,NYSE
NXN,NYSE
NXP,NYSE
NXPI,NQNM
NXQ,NYSE
NXR,NYSE
NXRT,NYSE
NXST,NQNM
NXTD,NQSC
NXTDW,NQSC
NXTM,NQNM
NYCB,NYSE
NYCB.PR.U,NYSE
NYF,PACF
NYH,AMEX
NYLD,NYSE
NYLD.A,NYSE
NYMT,NQNM
NYMTO,NQNM
NYMTP,NQNM
NYMX,NQSC
NYNY,NQNM
NYRT,NYSE
NYT,NYSE
NYV,NYSE
NZF,NYSE
O,NYSE
O.PR.F,NYSE
OA,NYSE
OACQR,NQSC
OACQW,NQSC
OAK,NYSE
OAKS,NYSE
OAKS.PR.A,NYSE
OAPH,PACF
OAS,NYSE
OASI,PACF
OB,NYSE
OBCI,NQSC
OBLN,NQNM
OC,NYSE
OCC,NQNM
OCFC,NQNM
OCIP,NYSE
OCLR,NQNM
OCN,NYSE
OCRX,NQNM
OCUL,NQNM
OCX,AMEX
ODC,NYSE
ODFL,NQNM
ODP,NQNM
OEC,NYSE
OEF,PACF
OESX,NQSC
OEUH,PACF
OEUR,PACF
OEW,PACF
OFC,NYSE
OFC.PR.L,NYSE
OFED,NQSC
OFG,NYSE
OFG.PR.A,NYSE
OFG.PR.B,NYSE
OFG.PR.D,NYSE
OFIX,NQNM
OFLX,NQNM
OFS,NQNM
OGCP,PACF
OGE,NYSE
OGEN,AMEX
OGS,NYSE
OGXI,NQSC
OHAI,NQNM
OHGI,NQSC
OHI,NYSE
OHRP,NQSC
OI,NYSE
OIA,NYSE
OIBR.C,NYSE
OIH,PACF
OII,NYSE
OIIM,NQNM
OIL,PACF
OILK,BATS
OIS,NYSE
OKE,NYSE
OKS,NYSE
OKSB,NQNM
OLBK,NQSC
OLD,NQNM
OLED,NQNM
OLEM,PACF
OLLI,NQNM
OLN,NYSE
OLO,PACF
OLP,NYSE
OMAA,NYSE
OMAB,NQNM
OMAM,NYSE
OMC,NYSE
OMCL,NQNM
OME,NYSE
OMED,NQNM
OMER,NQNM
OMEX,NQSC
OMF,NYSE
OMI,NYSE
OMN,NYSE
ON,NQNM
ONB,NQNM
ONCE,NQNM
ONCS,NQSC
ONDK,NYSE
ONEK,PACF
ONEO,PACF
ONEQ,NQNM
ONEV,PACF
ONEY,PACF
ONP,AMEX
ONS,NQNM
ONSIW,NQNM
ONTX,NQSC
ONTXW,NQSC
ONVI,NQSC
ONVO,NQNM
OOMA,NYSE
OOOO/TEST,AMEX
OPB,NQNM
OPGN,NQSC
OPGNW,NQSC
OPHC,NQSC
OPHT,NQNM
OPK,NQNM
OPOF,NQSC
OPP,NYSE
OPTT,NQSC
OPXA,NQSC
OPXAW,NQSC
OPY,NYSE
OR,NYSE
ORA,NYSE
ORAN,NYSE
ORBC,NQNM
ORBK,NQNM
ORC,NYSE
ORCL,NYSE
OREX,NQNM
ORG,NQNM
ORI,NYSE
ORIG,NQNM
ORIT,NQNM
ORLY,NQNM
ORM,AMEX
ORMP,NQSC
ORN,NYSE
ORPN,NQNM
ORRF,NQSC
OSB,NYSE
OSBC,NQNM
OSBCP,NQNM
OSG,NYSE
OSIR,NQNM
OSIS,NQNM
OSK,NYSE
OSM,NQNM
OSN,NQSC
OSTK,NQNM
OSUR,NQNM
OTEL,NQSC
OTEX,NQNM
OTIC,NQNM
OTIV,NQSC
OTTR,NQNM
OTTW,NQSC
OUNZ,PACF
OUSA,PACF
OUSM,PACF
OUT,NYSE
OVAS,NQNM
OVBC,NQNM
OVLY,NQSC
OXBR,NQSC
OXBRW,NQSC
OXFD,NQNM
OXLC,NQNM
OXLCN,NQNM
OXLCO,NQNM
OXM,NYSE
OXY,NYSE
OZM,NYSE
OZRK,NQNM
P,NYSE
PAA,NYSE
PAAC,NQSC
PAACR,NQSC
PAACW,NQSC
PAAS,NQNM
PAC,NYSE
PACB,NQNM
PACD,NYSE
PACE,NQSC
PACEU,NQSC
PACEW,NQSC
PACW,NQNM
PAF,PACF
PAG,NYSE
PAGG,NQNM
PAGP,NYSE
PAH,NYSE
PAHC,NQNM
PAI,NYSE
PAK,PACF
PALL,PACF
PAM,NYSE
PANL,NQSC
PANW,NYSE
PAR,NYSE
PARR,AMEX
PATI,NQNM
PATK,NQNM
PAVM,NQSC
PAY,NYSE
PAYC,NYSE
PAYX,NQNM
PB,NYSE
PBA,NYSE
PBB,NYSE
PBBI,NQSC
PBCT,NQNM
PBCTP,NQNM
PBD,PACF
PBE,PACF
PBF,NYSE
PBFX,NYSE
PBH,NYSE
PBHC,NQSC
PBI,NYSE
PBI.PR.B,NYSE
PBIB,NQSC
PBIP,NQNM
PBJ,PACF
PBMD,NQNM
PBNC,NQSC
PBP,PACF
PBPB,NQNM
PBR,NYSE
PBR.A,NYSE
PBS,PACF
PBSK,NQSC
PBT,NYSE
PBW,PACF
PBYI,NQNM
PCAR,NQNM
PCBK,NQNM
PCEF,PACF
PCF,NYSE
PCG,NYSE
PCG.PR.A,AMEX
PCG.PR.B,AMEX
PCG.PR.D,AMEX
PCG.PR.E,AMEX
PCG.PR.H,AMEX
PCG.PR.I,AMEX
PCH,NQNM
PCI,NYSE
PCK,NYSE
PCLN,NQNM
PCM,NYSE
PCMI,NQNM
PCN,NYSE
PCO,NQSC
PCOM,NQSC
PCQ,NYSE
PCRX,NQNM
PCTI,NQNM
PCTY,NQNM
PCY,PACF
PCYG,NQSC
PCYO,NQSC
PDBC,NQNM
PDCE,NQNM
PDCO,NQNM
PDEX,NQSC
PDFS,NQNM
PDI,NYSE
PDLI,NQNM
PDM,NYSE
PDN,PACF
PDP,NQNM
PDS,NYSE
PDT,NYSE
PDVW,NQSC
PE,NYSE
PEB,NYSE
PEB.PR.C,NYSE
PEB.PR.D,NYSE
PEBK,NQNM
PEBO,NQNM
PED,AMEX
PEG,NYSE
PEGA,NQNM
PEGI,NQNM
PEI,NYSE
PEI.PR.A,NYSE
PEI.PR.B,NYSE
PEIX,NQSC
PEJ,PACF
PEK,PACF
PEN,NYSE
PENN,NQNM
PEO,NYSE
PEP,NYSE
PER,NYSE
PERF,NQSC
PERI,NQNM
PERM,PACF
PERY,NQNM
PES,NYSE
PESI,NQSC
PETS,NQNM
PETX,NQNM
PEX,BATS
PEY,NQNM
PEZ,NQNM
PF,NYSE
PFBC,NQNM
PFBI,NQNM
PFBX,NQSC
PFD,NYSE
PFE,NYSE
PFF,PACF
PFG,NYSE
PFGC,NYSE
PFH,NYSE
PFI,NQNM
PFIE,NQSC
PFIG,PACF
PFIN,NQNM
PFIS,NQNM
PFK,NYSE
PFL,NYSE
PFLT,NQNM
PFM,NQNM
PFMT,NQNM
PFN,NYSE
PFNX,AMEX
PFO,NYSE
PFPT,NQNM
PFS,NYSE
PFSI,NYSE
PFSW,NQSC
PFV,BATS
PFXF,PACF
PG,NYSE
PGAL,PACF
PGC,NQNM
PGEM,NYSE
PGF,PACF
PGH,NYSE
PGHD,BATS
PGHY,PACF
PGJ,NQNM
PGLC,NQNM
PGM,PACF
PGNX,NQNM
PGP,NYSE
PGR,NYSE
PGRE,NYSE
PGTI,NYSE
PGX,PACF
PGZ,NYSE
PH,NYSE
PHB,PACF
PHD,NYSE
PHDG,PACF
PHF,AMEX
PHG,NYSE
PHH,NYSE
PHI,NYSE
PHII,NQNM
PHIIK,NQNM
PHK,NYSE
PHM,NYSE
PHMD,NQSC
PHO,NQNM
PHT,NYSE
PHX,NYSE
PHYS,PACF
PI,NQNM
PICB,PACF
PICK,PACF
PICO,NQNM
PID,NQNM
PIE,NQNM
PIH,NQNM
PII,NYSE
PILL,PACF
PILS,PACF
PIM,NYSE
PIN,PACF
PINC,NQNM
PIO,NQNM
PIP,AMEX
PIR,NYSE
PIRS,NQSC
PIZ,NQNM
PJC,NYSE
PJH,NYSE
PJP,PACF
PJT,NYSE
PK,NYSE
PKB,PACF
PKBK,NQSC
PKD,NYSE
PKE,NYSE
PKG,NYSE
PKI,NYSE
PKO,NYSE
PKOH,NQNM
PKW,NQNM
PKX,NYSE
PKY,NYSE
PL.PR.C,NYSE
PL.PR.E,NYSE
PLAB,NQNM
PLAY,NQNM
PLBC,NQSC
PLCE,NQNM
PLD,NYSE
PLG,AMEX
PLKI,NQNM
PLM,AMEX
PLND,PACF
PLNT,NYSE
PLOW,NYSE
PLPC,NQNM
PLPM,NQSC
PLSE,NQSC
PLT,NYSE
PLUG,NQSC
PLUS,NQNM
PLW,NQNM
PLX,AMEX
PLXS,NQNM
PM,NYSE
PMBC,NQNM
PMC,NYSE
PMD,NQSC
PME,NQSC
PMF,NYSE
PML,NYSE
PMM,NYSE
PMO,NYSE
PMPT,NQNM
PMR,PACF
PMT,NYSE
PMTS,NQNM
PMX,NYSE
PN,NYSE
PNBK,NQNM
PNC,NYSE
PNC.PR.P,NYSE
PNC.PR.Q,NYSE
PNC.WS,NYSE
PNF,NYSE
PNFP,NQNM
PNI,NYSE
PNK,NQNM
PNM,NYSE
PNNT,NQNM
PNQI,NQNM
PNR,NYSE
PNRA,NQNM
PNRG,NQSC
PNTA,NYSE
PNTR,NQSC
PNW,NYSE
PODD,NQNM
POL,NYSE
POLA,NQSC
POOL,NQNM
POPE,NQSC
POR,NYSE
POST,NYSE
POT,NYSE
POWI,NQNM
POWL,NQNM
PPA,PACF
PPBI,NQNM
PPC,NQNM
PPG,NYSE
PPH,NQNM
PPHM,NQSC
PPHMP,NQSC
PPL,NYSE
PPLT,PACF
PPP,NYSE
PPR,NYSE
PPT,NYSE
PPX,NYSE
PQ,NYSE
PRA,NYSE
PRAA,NQNM
PRAH,NQNM
PRAN,NQSC
PRB,PACF
PRCP,NQNM
PRE.PR.F,NYSE
PRE.PR.G,NYSE
PRE.PR.H,NYSE
PRE.PR.I,NYSE
PRF,PACF
PRFT,NQNM
PRFZ,NQNM
PRGO,NYSE
PRGS,NQNM
PRGX,NQNM
PRH,NYSE
PRI,NYSE
PRIM,NQNM
PRK,AMEX
PRKR,NQSC
PRLB,NYSE
PRME,PACF
PRMW,NQNM
PRN,NQNM
PRNT,BATS
PRO,NYSE
PROM,NQBB
PROV,NQNM
PRPH,NQSC
PRQR,NQNM
PRSC,NQNM
PRSS,NQNM
PRTA,NQNM
PRTK,NQNM
PRTO,NQNM
PRTS,NQNM
PRTY,NYSE
PRU,NYSE
PRXL,NQNM
PRZM,NQSC
PSA,NYSE
PSA.PR.A,NYSE
PSA.PR.B,NYSE
PSA.PR.C,NYSE
PSA.PR.D,NYSE
PSA.PR.E,NYSE
PSA.PR.S,NYSE
PSA.PR.T,NYSE
PSA.PR.U,NYSE
PSA.PR.V,NYSE
PSA.PR.W,NYSE
PSA.PR.X,NYSE
PSA.PR.Y,NYSE
PSA.PR.Z,NYSE
PSAU,NQNM
PSB,NYSE
PSB.PR.S,NYSE
PSB.PR.T,NYSE
PSB.PR.U,NYSE
PSB.PR.V,NYSE
PSB.PR.W,NYSE
PSBQ,NQBB
PSCC,NQNM
PSCD,NQNM
PSCE,NQNM
PSCF,NQNM
PSCH,NQNM
PSCI,NQNM
PSCM,NQNM
PSCT,NQNM
PSCU,NQNM
PSDV,NQNM
PSEC,NQNM
PSF,NYSE
PSI,PACF
PSIX,NQSC
PSJ,PACF
PSK,PACF
PSL,NQNM
PSLV,PACF
PSMT,NQNM
PSO,NYSE
PSP,PACF
PSQ,PACF
PSR,PACF
PST,PACF
PSTB,NQNM
PSTG,NYSE
PSTI,NQSC
PSX,NYSE
PSXP,NYSE
PTC,NQNM
PTCT,NQNM
PTEN,NQNM
PTEU,BATS
PTF,NQNM
PTGX,NQNM
PTH,NQNM
PTHN,NYSE
PTI,NQNM
PTIE,NQNM
PTLA,NQNM
PTLC,BATS
PTM,PACF
PTMC,BATS
PTN,AMEX
PTNQ,BATS
PTNR,NQNM
PTR,NYSE
PTSI,NQNM
PTX,NQNM
PTXP,NQNM
PTY,NYSE
PUB,NQSC
PUI,NQNM
PUK,NYSE
PUK.PR,NYSE
PUK.PR.A,NYSE
PULM,NQNM
PUTW,PACF
PUW,PACF
PVAC,NQNM
PVBC,NQSC
PVG,NYSE
PVH,NYSE
PVI,PACF
PVTB,NQNM
PVTBP,NQNM
PVTD,NYSE
PW,AMEX
PWB,PACF
PWC,PACF
PWE,NYSE
PWOD,NQNM
PWR,NYSE
PWV,PACF
PWZ,PACF
PX,NYSE
PXD,NYSE
PXE,PACF
PXF,PACF
PXH,PACF
PXI,NQNM
PXJ,PACF
PXLG,PACF
PXLV,PACF
PXLW,NQNM
PXMG,PACF
PXMV,PACF
PXQ,PACF
PXR,PACF
PXS,NQSC
PXSG,PACF
PXSV,PACF
PY,NQNM
PYDS,NQSC
PYN,NYSE
PYPL,NQNM
PYS,NYSE
PYZ,NQNM
PZA,PACF
PZC,NYSE
PZD,PACF
PZE,NYSE
PZG,AMEX
PZI,PACF
PZN,NYSE
PZRX,NQSC
PZT,PACF
PZZA,NQNM
Q,NYSE
QABA,NQNM
QADA,NQNM
QADB,NQNM
QAI,PACF
QAT,NQNM
QAUS,PACF
QBAK,NQSC
QCAN,PACF
QCLN,NQNM
QCOM,NQNM
QCP,NYSE
QCRH,NQNM
QDEF,PACF
QDEL,NQNM
QDEU,PACF
QDF,PACF
QDYN,PACF
QED,PACF
QEFA,PACF
QEH,PACF
QEMM,PACF
QEP,NYSE
QESP,PACF
QGEN,NQNM
QGTA,PACF
QHC,NYSE
QID,PACF
QINC,NQNM
QIWI,NQNM
QJPN,PACF
QLD,PACF
QLTA,PACF
QLYS,NQNM
QMN,PACF
QMOM,BATS
QNST,NQNM
QPACU,NQSC
QPACW,NQSC
QQEW,NQNM
QQQ,NQNM
QQQC,NQNM
QQQE,PACF
QQQX,NQNM
QQXT,NQNM
QRHC,NQSC
QRVO,NQNM
QSII,NQNM
QSR,NYSE
QTEC,NQNM
QTM,NYSE
QTNA,NQNM
QTNT,NQNM
QTS,NYSE
QTWO,NYSE
QUAD,NYSE
QUAL,PACF
QUIK,NQNM
QUMU,NQNM
QUNR,NQNM
QUOT,NYSE
QURE,NQNM
QUS,PACF
QVAL,BATS
QVCA,NQNM
QVCB,NQNM
QWLD,PACF
QYLD,NQNM
R,NYSE
RA,NYSE
RACE,NYSE
RAD,NYSE
RADA,NQSC
RAI,NYSE
RAIL,NQNM
RALS,PACF
RAND,NQSC
RARE,NQNM
RARX,NQNM
RAS,NYSE
RAS.PR.A,NYSE
RAS.PR.B,NYSE
RAS.PR.C,NYSE
RATE,NYSE
RAVE,NQSC
RAVI,PACF
RAVN,NQNM
RBA,NYSE
RBC,NYSE
RBCAA,NQNM
RBCN,NQSC
RBL,PACF
RBPAA,NQNM
RBS,NYSE
RBS.PR.F,NYSE
RBS.PR.H,NYSE
RBS.PR.L,NYSE
RBS.PR.S,NYSE
RCD,PACF
RCG,AMEX
RCI,NYSE
RCII,NQNM
RCKY,NQNM
RCL,NYSE
RCMT,NQNM
RCOM,BATS
RCON,NQSC
RCS,NYSE
RDC,NYSE
RDCM,NQSC
RDHL,NQSC
RDI,NQSC
RDIB,NQSC
RDIV,PACF
RDN,NYSE
RDNT,NQNM
RDS.A,NYSE
RDS.B,NYSE
RDUS,NQNM
RDVY,NQNM
RDWR,NQNM
RDY,NYSE
RE,NYSE
RECN,NQNM
REED,AMEX
REET,PACF
REFR,NQSC
REG,NYSE
REG.PR.F,NYSE
REG.PR.G,NYSE
REGI,NQNM
REGL,BATS
REGN,NQNM
REI,AMEX
REIS,NQNM
REK,PACF
RELL,NQNM
RELV,NQSC
RELX,NYSE
RELY,NQNM
REM,PACF
REML,PACF
REMX,PACF
REN,NYSE
RENN,NYSE
RENX,NYSE
REPH,NQSC
RES,NYSE
RESI,NYSE
RESN,NQSC
RETA,NQNM
RETL,PACF
REV,NYSE
REW,PACF
REX,NYSE
REXR,NYSE
REXR.PR.A,NYSE
REXX,NQSC
REZ,PACF
RF,NYSE
RF.PR.A,NYSE
RF.PR.B,NYSE
RFAP,NQNM
RFCI,PACF
RFDA,PACF
RFDI,NQNM
RFEM,NQNM
RFEU,NQNM
RFFC,PACF
RFG,PACF
RFI,NYSE
RFIL,NQNM
RFP,NYSE
RFT,NYSE
RFTA,NYSE
RFUN,PACF
RFV,PACF
RGA,NYSE
RGBP,NQBB
RGC,NYSE
RGCO,NQNM
RGEN,NQNM
RGI,PACF
RGLD,NQNM
RGLS,NQNM
RGNX,NQNM
RGR,NYSE
RGS,NYSE
RGSE,NQSC
RGT,NYSE
RH,NYSE
RHI,NYSE
RHP,NYSE
RHS,PACF
RHT,NYSE
RIBT,NQSC
RIBTW,NQSC
RIC,AMEX
RICE,NYSE
RICK,NQNM
RIF,AMEX
RIG,NYSE
RIGL,NQNM
RIGS,PACF
RILY,NQNM
RILYL,NQNM
RINF,PACF
RING,PACF
RIO,NYSE
RISE,PACF
RIV,NYSE
RJA,PACF
RJD,NYSE
RJF,NYSE
RJI,PACF
RJN,PACF
RJZ,PACF
RKDA,NQNM
RL,NYSE
RLGT,AMEX
RLGT.PR.A,AMEX
RLGY,NYSE
RLH,NYSE
RLI,NYSE
RLJ,NYSE
RLJE,NQSC
RLOG,NQSC
RLY,PACF
RM,NYSE
RMAX,NYSE
RMBS,NQNM
RMCF,NQNM
RMD,NYSE
RMGN,NQSC
RMP,NYSE
RMR,NQSC
RMT,NYSE
RMTI,NQNM
RNDB,NQNM
RNET,NQNM
RNG,NYSE
RNN,AMEX
RNP,NYSE
RNR,NYSE
RNR.PR.C,NYSE
RNR.PR.E,NYSE
RNST,NQNM
RNVA,NQSC
RNVAZ,NQSC
RNWK,NQNM
ROAM,PACF
ROBO,NQNM
ROCK,NQNM
RODM,PACF
ROG,NYSE
ROGS,PACF
ROIA,NQSC
ROIAK,NQSC
ROIC,NQNM
ROK,NYSE
ROKA,NQNM
ROL,NYSE
ROLL,NQNM
ROM,PACF
ROOF,PACF
ROP,NYSE
RORE,PACF
ROSG,NQSC
ROST,NQNM
ROUS,PACF
ROX,AMEX
ROYT,NYSE
RP,NQNM
RPAI,NYSE
RPAI.PR.A,NYSE
RPD,NQNM
RPG,PACF
RPM,NYSE
RPRX,NQSC
RPT,NYSE
RPT.PR.D,NYSE
RPV,PACF
RPXC,NQNM
RQI,NYSE
RRC,NYSE
RRD,NYSE
RRF,PACF
RRGB,NQNM
RRR,NQNM
RRTS,NYSE
RS,NYSE
RSG,NYSE
RSO,NYSE
RSO.PR.A,NYSE
RSO.PR.B,NYSE
RSO.PR.C,NYSE
RSP,PACF
RSPP,NYSE
RST,NYSE
RSX,PACF
RSXJ,PACF
RSYS,NQNM
RT,NYSE
RTEC,NYSE
RTH,PACF
RTIX,NQNM
RTK,NQSC
RTM,PACF
RTN,NYSE
RTNB,NQSC
RTR,PACF
RTRX,NQNM
RTTR,NQSC
RUBI,NYSE
RUN,NQNM
RUSHA,NQNM
RUSHB,NQNM
RUSL,PACF
RUSS,PACF
RUTH,NQNM
RVEN,NQSC
RVLT,NQSC
RVNC,NQNM
RVNU,PACF
RVP,AMEX
RVSB,NQNM
RVT,NYSE
RWC,AMEX
RWJ,PACF
RWK,PACF
RWL,PACF
RWLK,NQNM
RWM,PACF
RWO,PACF
RWR,PACF
RWT,NYSE
RWW,PACF
RWX,PACF
RXDX,NQSC
RXI,PACF
RXII,NQSC
RXIIW,NQSC
RXL,PACF
RXN,NYSE
RXN.PR.A,NYSE
RY,NYSE
RY.PR.S,NYSE
RY.PR.T,NYSE
RYAAY,NQNM
RYAM,NYSE
RYAM.PR.A,NYSE
RYE,PACF
RYF,PACF
RYH,PACF
RYI,NYSE
RYJ,PACF
RYN,NYSE
RYT,PACF
RYU,PACF
RZA,NYSE
RZB,NYSE
RZG,PACF
RZV,PACF
S,NYSE
SA,NYSE
SAA,PACF
SAB,NYSE
SABR,NQNM
SAEX,NQNM
SAFM,NQNM
SAFT,NQNM
SAGE,NQNM
SAGG,PACF
SAH,NYSE
SAIA,NQNM
SAIC,NYSE
SAJA,NQSC
SAL,NQSC
SALE,NQNM
SALM,NQNM
SALT,NYSE
SAM,NYSE
SAMG,NQNM
SAN,NYSE
SAN.PR.A,NYSE
SAN.PR.B,NYSE
SAN.PR.C,NYSE
SAN.PR.I,NYSE
SAND,AMEX
SANM,NQNM
SANW,NQSC
SAP,NYSE
SAQ,NYSE
SAR,NYSE
SASR,NQNM
SATS,NQNM
SAUC,NQSC
SAVE,NQNM
SB,NYSE
SB.PR.B,NYSE
SB.PR.C,NYSE
SB.PR.D,NYSE
SBAC,NQNM
SBB,PACF
SBBP,NQNM
SBBX,NQNM
SBCF,NQNM
SBCP,NQSC
SBFG,NQSC
SBGI,NQNM
SBGL,NYSE
SBH,NYSE
SBI,AMEX
SBIO,PACF
SBLK,NQNM
SBLKL,NQNM
SBNA,NYSE
SBNB,NYSE
SBNY,NQNM
SBOT,NQSC
SBPH,NQSC
SBR,NYSE
SBRA,NQNM
SBRAP,NQNM
SBS,NYSE
SBSA,NQNM
SBSI,NQNM
SBUX,NQNM
SBY,NYSE
SC,NYSE
SCACW,NQSC
SCAI,NQNM
SCAP,PACF
SCC,PACF
SCCO,NYSE
SCD,NYSE
SCE.PR.B,AMEX
SCE.PR.C,AMEX
SCE.PR.D,AMEX
SCE.PR.E,AMEX
SCE.PR.F,NYSE
SCE.PR.G,NYSE
SCE.PR.H,NYSE
SCE.PR.J,NYSE
SCE.PR.K,NYSE
SCG,NYSE
SCHA,PACF
SCHB,PACF
SCHC,PACF
SCHD,PACF
SCHE,PACF
SCHF,PACF
SCHG,PACF
SCHH,PACF
SCHL,NQNM
SCHM,PACF
SCHN,NQNM
SCHO,PACF
SCHP,PACF
SCHR,PACF
SCHV,PACF
SCHW,NYSE
SCHW.PR.B,NYSE
SCHW.PR.C,NYSE
SCHW.PR.D,NYSE
SCHX,PACF
SCHZ,PACF
SCI,NYSE
SCID,PACF
SCIF,PACF
SCIJ,PACF
SCIN,PACF
SCIU,PACF
SCIX,PACF
SCJ,PACF
SCKT,NQSC
SCL,NYSE
SCLN,NQNM
SCM,NYSE
SCMP,NQNM
SCNB,NYSE
SCO,PACF
SCON,NQSC
SCOR,NQNM
SCPB,PACF
SCQ,NYSE
SCS,NYSE
SCSC,NQNM
SCSS,NQNM
SCTO,PACF
SCVL,NQNM
SCWX,NQNM
SCX,NYSE
SCYX,NQNM
SCZ,NQNM
SD,NYSE
SDD,PACF
SDEM,PACF
SDIV,PACF
SDLP,NYSE
SDOG,PACF
SDOW,PACF
SDP,PACF
SDPI,AMEX
SDR,NYSE
SDRL,NYSE
SDS,PACF
SDT,NYSE
SDY,PACF
SDYL,PACF
SE,NYSE
SEA,PACF
SEAC,NQNM
SEAS,NYSE
SEB,AMEX
SEDG,NQNM
SEE,NYSE
SEED,NQNM
SEF,PACF
SEIC,NQNM
SELB,NQNM
SELF,NQSC
SEM,NYSE
SEMG,NYSE
SENEA,NQNM
SENS,AMEX
SEP,NYSE
SERV,NYSE
SEV,NQSC
SF,NYSE
SF.PR.A,NYSE
SFBC,NQSC
SFBS,NQNM
SFE,NYSE
SFHY,BATS
SFIG,BATS
SFL,NYSE
SFLY,NQNM
SFM,NQNM
SFNC,NQNM
SFR,NYSE
SFS,NYSE
SFST,NQNM
SFUN,NYSE
SGA,AMEX
SGAR,PACF
SGB,AMEX
SGBK,NQNM
SGC,NQNM
SGDJ,PACF
SGDM,PACF
SGEN,NQNM
SGF,NYSE
SGG,PACF
SGM,NYSE
SGMA,NQSC
SGMO,NQNM
SGMS,NQNM
SGNL,NQSC
SGOC,NQSC
SGOL,PACF
SGQI,NQNM
SGRP,NQSC
SGRY,NQNM
SGU,NYSE
SGY,NYSE
SGYP,NQNM
SGZA,NYSE
SH,PACF
SHAK,NYSE
SHBI,NQNM
SHE,PACF
SHEN,NQNM
SHG,NYSE
SHI,NYSE
SHIP,NQSC
SHIPW,NQSC
SHLD,NQNM
SHLDW,NQNM
SHLM,NQNM
SHLO,NQNM
SHLX,NYSE
SHM,PACF
SHNY,PACF
SHO,NYSE
SHO.PR.E,NYSE
SHO.PR.F,NYSE
SHOO,NQNM
SHOP,NYSE
SHOR,NQNM
SHOS,NQSC
SHPG,NQNM
SHSP,NQSC
SHV,PACF
SHW,NYSE
SHY,PACF
SHYD,PACF
SHYG,PACF
SICK,PACF
SID,NYSE
SIEB,NQSC
SIEN,NQNM
SIFI,NQNM
SIFY,NQNM
SIG,NYSE
SIGI,NQNM
SIGM,NQNM
SIJ,PACF
SIL,PACF
SILC,NQNM
SILJ,PACF
SIM,AMEX
SIMO,NQNM
SINA,NQNM
SINO,NQSC
SIPE,PACF
SIR,NQNM
SIRI,NQNM
SITE,NYSE
SITO,NQSC
SIVB,NQNM
SIVR,PACF
SIX,NYSE
SIZ,PACF
SIZE,PACF
SJB,PACF
SJI,NYSE
SJM,NYSE
SJNK,PACF
SJR,NYSE
SJT,NYSE
SJW,NYSE
SKF,PACF
SKIS,NQNM
SKLN,NQSC
SKM,NYSE
SKOR,NQNM
SKT,NYSE
SKX,NYSE
SKY,AMEX
SKYS,NQSC
SKYW,NQNM
SKYY,NQNM
SLAB,NQNM
SLB,NYSE
SLCA,NYSE
SLCT,NQNM
SLD,NYSE
SLF,NYSE
SLG,NYSE
SLG.PR.I,NYSE
SLGN,NQNM
SLIM,NQNM
SLM,NQNM
SLMAP,NQNM
SLMBP,NQNM
SLP,NQSC
SLQD,NQNM
SLRA,NYSE
SLRC,NQNM
SLV,PACF
SLVO,NQNM
SLVP,PACF
SLW,NYSE
SLX,PACF
SLY,PACF
SLYG,PACF
SLYV,PACF
SM,NYSE
SMB,PACF
SMBC,NQNM
SMBK,NQSC
SMCI,NQNM
SMCP,NQNM
SMD,PACF
SMDD,PACF
SMDV,BATS
SMED,NQSC
SMEZ,PACF
SMFG,NYSE
SMG,NYSE
SMH,PACF
SMHD,PACF
SMI,NYSE
SMIN,BATS
SMIT,NQSC
SMK,PACF
SMLF,PACF
SMLL,PACF
SMLP,NYSE
SMLV,PACF
SMM,NYSE
SMMF,NQSC
SMMT,NQNM
SMMU,PACF
SMMV,BATS
SMN,PACF
SMP,NYSE
SMRT,NQNM
SMSI,NQSC
SMTC,NQNM
SMTX,NQNM
SN,NYSE
SNA,NYSE
SNAK,NQNM
SNBC,NQNM
SNC,NQNM
SNCR,NQNM
SND,NQNM
SNDE,NQNM
SNDX,NQNM
SNE,NYSE
SNES,NQSC
SNFCA,NQNM
SNGX,NQSC
SNH,NQNM
SNHNI,NQNM
SNHNL,NQNM
SNHY,NQNM
SNI,NQNM
SNLN,NQNM
SNMX,NQNM
SNN,NYSE
SNOA,NQSC
SNOAW,NQSC
SNOW,NYSE
SNP,NYSE
SNPS,NQNM
SNR,NYSE
SNSR,NQNM
SNSS,NQSC
SNV,NYSE
SNV.PR.C,NYSE
SNX,NYSE
SNY,NYSE
SO,NYSE
SOCL,NQNM
SODA,NQNM
SOFO,NQSC
SOHO,NQNM
SOHOB,NQNM
SOHU,NQNM
SOIL,PACF
SOJA,NYSE
SOJB,NYSE
SOL,NYSE
SON,NYSE
SONA,NQNM
SONC,NQNM
SONS,NQNM
SOR,NYSE
SORL,NQNM
SOVB,BATS
SOXL,PACF
SOXS,PACF
SOXX,NQNM
SOYB,PACF
SP,NQNM
SPA,NYSE
SPAN,NQNM
SPAR,NQNM
SPB,NYSE
SPCB,NQSC
SPDN,PACF
SPE,NYSE
SPEX,NQSC
SPFF,PACF
SPG,NYSE
SPG.PR.J,NYSE
SPGI,NYSE
SPH,NYSE
SPHB,PACF
SPHD,PACF
SPHQ,PACF
SPHS,NQSC
SPI,NQNM
SPIL,NQNM
SPKE,NQNM
SPLK,NQNM
SPLP,NYSE
SPLS,NQNM
SPLV,PACF
SPLX,PACF
SPN,NYSE
SPNC,NQNM
SPNE,NQNM
SPNS,NQSC
SPOK,NQNM
SPP,AMEX
SPPI,NQNM
SPPP,PACF
SPR,NYSE
SPRT,NQSC
SPSC,NQNM
SPTN,NQNM
SPU,NQNM
SPUN,PACF
SPUU,PACF
SPVU,PACF
SPWH,NQNM
SPWR,NQNM
SPXC,NYSE
SPXE,PACF
SPXH,PACF
SPXL,PACF
SPXS,PACF
SPXT,PACF
SPXU,PACF
SPXV,PACF
SPXX,NYSE
SPY,PACF
SPYB,PACF
SPYD,PACF
SPYG,PACF
SPYV,PACF
SPYX,PACF
SQ,NYSE
SQBG,NQSC
SQM,NYSE
SQNS,NYSE
SQQQ,NQNM
SR,NYSE
SRAX,NQSC
SRC,NYSE
SRCE,NQNM
SRCL,NQNM
SRCLP,NQNM
SRDX,NQNM
SRE,NYSE
SRET,NQNM
SREV,NQNM
SRF,NYSE
SRG,NYSE
SRI,NYSE
SRLN,PACF
SRLP,NYSE
SRNE,NQSC
SRPT,NQNM
SRS,PACF
SRSC,NQNM
SRT,NYSE
SRTS,NQSC
SRTY,PACF
SRV,NYSE
SSB,NQNM
SSBI,NQNM
SSD,NYSE
SSFN,NQSC
SSG,PACF
SSH,NQSC
SSI,NYSE
SSKN,NQSC
SSL,NYSE
SSN,AMEX
SSNC,NQNM
SSNI,NYSE
SSNT,NQBB
SSO,PACF
SSP,NYSE
SSRI,NQNM
SST,PACF
SSTK,NYSE
SSW,NYSE
SSW.PR.D,NYSE
SSW.PR.E,NYSE
SSW.PR.G,NYSE
SSW.PR.H,NYSE
SSWN,NYSE
SSY,AMEX
SSYS,NQNM
ST,NYSE
STAA,NQNM
STAF,NQSC
STAG,NYSE
STAG.PR.B,NYSE
STAG.PR.C,NYSE
STAR,NYSE
STAR.PR.D,NYSE
STAR.PR.E,NYSE
STAR.PR.F,NYSE
STAR.PR.G,NYSE
STAR.PR.I,NYSE
STAY,NYSE
STB,NQNM
STBA,NQNM
STBZ,NQSC
STC,NYSE
STDY,NQNM
STE,NYSE
STFC,NQNM
STI,NYSE
STI.PR.A,NYSE
STI.PR.E,NYSE
STI.WS.A,NYSE
STI.WS.B,NYSE
STIP,PACF
STK,NYSE
STKL,NQNM
STKS,NQSC
STL,NYSE
STLD,NQNM
STLY,NQNM
STM,NYSE
STML,NQSC
STMP,NQNM
STN,NYSE
STNG,NYSE
STO,NYSE
STON,NYSE
STOR,NYSE
STOT,BATS
STPP,NQNM
STPZ,PACF
STRA,NQNM
STRL,NQNM
STRM,NQSC
STRP,AMEX
STRS,NQNM
STRT,NQNM
STS,AMEX
STT,NYSE
STT.PR.C,NYSE
STT.PR.D,NYSE
STT.PR.E,NYSE
STT.PR.G,NYSE
STV,NYSE
STWD,NYSE
STX,NQNM
STZ,NYSE
STZ.B,NYSE
SU,NYSE
SUB,PACF
SUI,NYSE
SUI.PR.A,NYSE
SUM,NYSE
SUMR,NQSC
SUN,NYSE
SUNS,NQNM
SUNW,NQSC
SUP,NYSE
SUPN,NQNM
SUPV,NYSE
SVA,NQNM
SVBI,NQSC
SVT,AMEX
SVU,NYSE
SVVC,NQNM
SVXY,PACF
SWC,NYSE
SWFT,NYSE
SWIR,NQNM
SWJ,NYSE
SWK,NYSE
SWKS,NQNM
SWM,NYSE
SWN,NYSE
SWNC,NYSE
SWX,NYSE
SWZ,NYSE
SXC,NYSE
SXCP,NYSE
SXE,NYSE
SXI,NYSE
SXL,NYSE
SXT,NYSE
SYBT,NQNM
SYE,PACF
SYF,NYSE
SYG,PACF
SYK,NYSE
SYKE,NQNM
SYLD,PACF
SYMC,NQNM
SYMX,NQNM
SYN,AMEX
SYNA,NQNM
SYNC,NQNM
SYNL,NQNM
SYNT,NQNM
SYPR,NQNM
SYRG,AMEX
SYRS,NQNM
SYRX,NQSC
SYT,NYSE
SYUT,NQNM
SYV,PACF
SYX,NYSE
SYY,NYSE
SZC,NYSE
SZK,PACF
SZO,PACF
T,NYSE
TA,NQNM
TAC,NYSE
TACO,NQSC
TACOW,NQSC
TACT,NQNM
TAHO,NYSE
TAIT,NQSC
TAL,NYSE
TALL,NQNM
TAN,PACF
TANH,NQSC
TANNI,NQNM
TANNL,NQNM
TANNZ,NQNM
TAO,PACF
TAP,NYSE
TAP.A,NYSE
TAPR,NQNM
TARO,NYSE
TASR,NQNM
TAST,NQNM
TAT,AMEX
TATT,NQNM
TAX,NQNM
TAYD,NQSC
TBBK,NQNM
TBF,PACF
TBI,NYSE
TBIO,NQSC
TBK,NQNM
TBNK,NQNM
TBPH,NQNM
TBT,PACF
TBX,PACF
TBZ,PACF
TCAP,NYSE
TCB,NYSE
TCB.PR.B,NYSE
TCB.PR.C,NYSE
TCB.WS,NYSE
TCBI,NQNM
TCBIL,NQNM
TCBIP,NQNM
TCBK,NQNM
TCCA,NYSE
TCCB,NYSE
TCCO,NQSC
TCFC,NQSC
TCHF,BATS
TCI,NYSE
TCMD,NQNM
TCO,NYSE
TCO.PR.J,NYSE
TCO.PR.K,NYSE
TCON,NQNM
TCP,NYSE
TCPC,NQNM
TCRD,NQNM
TCRX,NYSE
TCRZ,NYSE
TCS,NYSE
TCTL,BATS
TCX,NQSC
TD,NYSE
TDA,NYSE
TDC,NYSE
TDE,NYSE
TDF,NYSE
TDG,NYSE
TDI,NYSE
TDIV,NQNM
TDJ,NYSE
TDOC,NYSE
TDS,NYSE
TDTF,PACF
TDTT,PACF
TDW,NYSE
TDY,NYSE
TEAM,NQNM
TEAR,NQSC
TECD,NQNM
TECH,NQNM
TECK,NYSE
TECL,PACF
TECS,PACF
TEDU,NQNM
TEF,NYSE
TEGP,NYSE
TEI,NYSE
TEL,NYSE
TEN,NYSE
TENX,NQSC
TEO,NYSE
TEP,NYSE
TER,NYSE
TERP,NQNM
TESO,NQNM
TESS,NQNM
TEUM,AMEX
TEVA,NYSE
TEX,NYSE
TFI,PACF
TFLO,PACF
TFSL,NQNM
TFX,NYSE
TG,NYSE
TGA,NQNM
TGB,AMEX
TGC,AMEX
TGD,AMEX
TGEN,NQSC
TGH,NYSE
TGI,NYSE
TGLS,NQSC
TGNA,NYSE
TGP,NYSE
TGP.PR.A,NYSE
TGS,NYSE
TGT,NYSE
TGTX,NQSC
THC,NYSE
THD,PACF
THFF,NQNM
THG,NYSE
THGA,NYSE
THHY,PACF
THLD,NQSC
THM,AMEX
THO,NYSE
THQ,NYSE
THR,NYSE
THRK,PACF
THRM,NQNM
THS,NYSE
THST,NQSC
THW,NYSE
TI,NYSE
TI.A,NYSE
TICC,NQNM
TIER,NYSE
TIF,NYSE
TIG,NQNM
TIK,AMEX
TIL,NQSC
TILE,NQNM
TILT,PACF
TIME,NYSE
TINY,NQNM
TIP,PACF
TIPT,NQSC
TIPX,PACF
TIPZ,PACF
TIS,AMEX
TISA,NQSC
TISI,NYSE
TITN,NQNM
TIVO,NQNM
TJX,NYSE
TK,NYSE
TKAI,NQNM
TKC,NYSE
TKF,NYSE
TKR,NYSE
TLDH,PACF
TLEH,PACF
TLF,NQNM
TLGT,NQNM
TLH,PACF
TLI,NYSE
TLK,NYSE
TLLP,NYSE
TLND,NQNM
TLO,PACF
TLP,NYSE
TLRD,NYSE
TLT,NQNM
TLTD,PACF
TLTE,PACF
TLYS,NYSE
TM,NYSE
TMF,PACF
TMH,NYSE
TMHC,NYSE
TMK,NYSE
TMK.PR.B,NYSE
TMK.PR.C,NYSE
TMO,NYSE
TMP,AMEX
TMQ,AMEX
TMST,NYSE
TMUS,NQNM
TMUSP,NQNM
TMV,PACF
TNA,PACF
TNAV,NQNM
TNC,NYSE
TNDM,NQNM
TNET,NYSE
TNGO,NQNM
TNH,NYSE
TNK,NYSE
TNP,NYSE
TNP.PR.B,NYSE
TNP.PR.D,NYSE
TNXP,NQNM
TOFR,PACF
TOK,PACF
TOL,NYSE
TOLZ,PACF
TOO,NYSE
TOO.PR.A,NYSE
TOO.PR.B,NYSE
TOPS,NQSC
TORM,NQSC
TOT,NYSE
TOTL,PACF
TOUR,NQNM
TOWN,NQNM
TOWR,NYSE
TPB,NYSE
TPC,NYSE
TPH,NYSE
TPHS,AMEX
TPIC,NQNM
TPIV,NQSC
TPL,NYSE
TPLM,AMEX
TPNL,NQBB
TPRE,NYSE
TPVG,NYSE
TPVZ,NYSE
TPX,NYSE
TPYP,PACF
TPZ,NYSE
TQQQ,NQNM
TR,NYSE
TRC,NYSE
TRCB,NQNM
TRCH,NQSC
TRCO,NYSE
TREC,NYSE
TREE,NQNM
TREX,NYSE
TRGP,NYSE
TRHC,NQNM
TRI,NYSE
TRIB,NQNM
TRIL,NQSC
TRIP,NQNM
TRK,NYSE
TRKK,NQBB
TRMB,NQNM
TRMK,NQNM
TRMR,NYSE
TRN,NYSE
TRNC,NQNM
TRNO,NYSE
TRNO.PR.A,NYSE
TRNS,NQNM
TROV,NQSC
TROVW,NQSC
TROW,NQNM
TROX,NYSE
TRP,NYSE
TRQ,NYSE
TRR,NYSE
TRS,NQNM
TRSK,PACF
TRST,NQNM
TRT,AMEX
TRTN,NYSE
TRU,NYSE
TRUE,NQNM
TRUP,NQNM
TRV,NYSE
TRVG,NQNM
TRVN,NQNM
TRX,AMEX
TRXC,AMEX
TS,NYSE
TSBK,NQNM
TSC,NQNM
TSCO,NQNM
TSE,NYSE
TSEM,NQNM
TSI,NYSE
TSL,NYSE
TSLA,NQNM
TSLF,NYSE
TSLX,NYSE
TSM,NYSE
TSN,NYSE
TSNU,NYSE
TSO,NYSE
TSQ,NYSE
TSRA,NQNM
TSRI,NQSC
TSRO,NQNM
TSS,NYSE
TST,NQNM
TSU,NYSE
TTAC,BATS
TTC,NYSE
TTD,NQNM
TTEC,NQNM
TTEK,NQNM
TTF,NYSE
TTFS,PACF
TTGT,NQNM
TTI,NYSE
TTM,NYSE
TTMI,NQNM
TTNP,NQSC
TTOO,NQNM
TTP,NYSE
TTPH,NQNM
TTS,NQNM
TTT,PACF
TTWO,NQNM
TU,NYSE
TUES,NQNM
TUP,NYSE
TUR,PACF
TUSK,NQNM
TUTI,NQNM
TUTT,NQNM
TUZ,PACF
TV,NYSE
TVC,NYSE
TVE,NYSE
TVIA,NQNM
TVIX,NQNM
TVIZ,NQNM
TVPT,NYSE
TWI,NYSE
TWIN,NQNM
TWLO,NYSE
TWM,PACF
TWMC,NQNM
TWN,NYSE
TWNK,NQSC
TWNKW,NQSC
TWO,NYSE
TWOK,PACF
TWOU,NQNM
TWTR,NYSE
TWX,NYSE
TX,NYSE
TXMD,AMEX
TXN,NQNM
TXRH,NQNM
TXT,NYSE
TY,NYSE
TY.PR,NYSE
TYD,PACF
TYG,NYSE
TYHT,NQSC
TYL,NYSE
TYO,PACF
TYPE,NQNM
TZA,PACF
TZOO,NQNM
UA,NYSE
UAA,NYSE
UAE,NQNM
UAL,NYSE
UAM,NYSE
UAMY,AMEX
UAN,NYSE
UBA,NYSE
UBCP,NQSC
UBFO,NQNM
UBIA,NQBB
UBIO,NQNM
UBM,PACF
UBND,NQNM
UBNK,NQNM
UBNT,NQNM
UBOH,NQNM
UBP,NYSE
UBP.PR.F,NYSE
UBR,PACF
UBS,NYSE
UBSH,NQNM
UBSI,NQNM
UBT,PACF
UCBA,NQNM
UCBI,NQNM
UCC,PACF
UCFC,NQNM
UCI,PACF
UCO,PACF
UCP,NYSE
UCTT,NQNM
UDBI,NQNM
UDN,PACF
UDOW,PACF
UDR,NYSE
UE,NYSE
UEC,AMEX
UEIC,NQNM
UEPS,NQNM
UFAB,AMEX
UFCS,NQNM
UFI,NYSE
UFPI,NQNM
UFPT,NQSC
UFS,NYSE
UG,NQNM
UGA,PACF
UGAZ,PACF
UGE,PACF
UGI,NYSE
UGL,PACF
UGLD,NQNM
UGP,NYSE
UHAL,NQNM
UHN,PACF
UHS,NYSE
UHT,NYSE
UIHC,NQSC
UIS,NYSE
UJB,PACF
UL,NYSE
ULBI,NQNM
ULE,PACF
ULH,NQNM
ULST,PACF
ULTA,NQNM
ULTI,NQNM
UMBF,NQNM
UMC,NYSE
UMDD,PACF
UMH,NYSE
UMH.PR.A,NYSE
UMPQ,NQNM
UMX,PACF
UN,NYSE
UNAM,NQNM
UNB,NQNM
UNF,NYSE
UNFI,NQNM
UNG,PACF
UNH,NYSE
UNIS,NQNM
UNL,PACF
UNM,NYSE
UNP,NYSE
UNT,NYSE
UNTY,NQNM
UNVR,NYSE
UNXL,NQSC
UOP,PACF
UPLD,NQNM
UPRO,PACF
UPS,NYSE
UPV,PACF
UPW,PACF
UQM,AMEX
URA,PACF
URBN,NQNM
URE,PACF
URG,AMEX
URI,NYSE
URRE,NQSC
URTH,PACF
URTY,PACF
USA,NYSE
USAC,NYSE
USAK,NQNM
USAP,NQNM
USAT,NQNM
USB,NYSE
USB.PR.A,NYSE
USB.PR.H,NYSE
USB.PR.M,NYSE
USB.PR.N,NYSE
USB.PR.O,NYSE
USCI,PACF
USCR,NQSC
USD,PACF
USDP,NYSE
USDU,PACF
USEG,NQSC
USFD,NYSE
USG,NYSE
USL,PACF
USLB,NQNM
USLM,NQNM
USLV,NQNM
USM,NYSE
USMV,PACF
USNA,NYSE
USO,PACF
USPH,NYSE
USRT,PACF
USSD,PACF
UST,PACF
UTEK,NQNM
UTES,PACF
UTF,NYSE
UTG,AMEX
UTHR,NQNM
UTI,NYSE
UTL,NYSE
UTLF,BATS
UTMD,NQNM
UTSI,NQNM
UTX,NYSE
UUP,PACF
UUUU,AMEX
UVE,NYSE
UVSP,NQNM
UVV,NYSE
UVXY,PACF
UWM,PACF
UWN,AMEX
UWT,PACF
UXI,PACF
UYG,PACF
UYM,PACF
UZA,NYSE
UZB,NYSE
UZC,NYSE
V,NYSE
VAC,NYSE
VAL,NYSE
VALE,NYSE
VALE.P,NYSE
VALU,NQSC
VALX,NQNM
VAMO,BATS
VAR,NYSE
VASC,NQNM
VAW,PACF
VB,PACF
VBF,NYSE
VBFC,NQSC
VBIV,NQSC
VBK,PACF
VBLT,NQNM
VBND,NQNM
VBR,PACF
VBTX,NQNM
VC,NYSE
VCEL,NQSC
VCF,AMEX
VCIT,NQNM
VCLT,NQNM
VCO,NYSE
VCR,PACF
VCRA,NYSE
VCSH,NQNM
VCV,NYSE
VCYT,NQNM
VDC,PACF
VDE,PACF
VDSI,NQSC
VDTH,NQNM
VEA,PACF
VEC,NYSE
VECO,NQNM
VEDL,NYSE
VEEV,NYSE
VEGA,PACF
VEGI,PACF
VER,NYSE
VER.PR.F,NYSE
VET,NYSE
VEU,PACF
VFC,NYSE
VFH,PACF
VFL,AMEX
VG,NYSE
VGI,NYSE
VGIT,NQNM
VGK,PACF
VGLT,NQNM
VGM,NYSE
VGR,NYSE
VGSH,NQNM
VGT,PACF
VGZ,AMEX
VHC,AMEX
VHI,NYSE
VHT,PACF
VIA,NQNM
VIAB,NQNM
VIAV,NQNM
VICL,NQSC
VICR,NQNM
VIDI,NQNM
VIG,PACF
VIGI,NQNM
VII,AMEX
VIIX,NQNM
VIIZ,NQNM
VIOG,PACF
VIOO,PACF
VIOV,PACF
VIP,NQNM
VIPS,NYSE
VIRC,NQNM
VIRT,NQNM
VIS,PACF
VISI,AMEX
VISN,NQNM
VIV,NYSE
VIVE,NQSC
VIVO,NQNM
VIXH,PACF
VIXM,PACF
VIXY,PACF
VJET,NYSE
VKI,AMEX
VKQ,NYSE
VKTX,NQSC
VKTXW,NQSC
VLGEA,NQNM
VLO,NYSE
VLP,NYSE
VLRS,NYSE
VLT,NYSE
VLU,PACF
VLUE,PACF
VLY,NYSE
VLY.PR.A,NYSE
VLY.WS,NYSE
VMAX,BATS
VMBS,NQNM
VMC,NYSE
VMI,NYSE
VMIN,BATS
VMM,AMEX
VMO,NYSE
VMW,NYSE
VNCE,NYSE
VNDA,NQNM
VNET,NQNM
VNM,PACF
VNO,NYSE
VNO.PR.G,NYSE
VNO.PR.I,NYSE
VNO.PR.K,NYSE
VNO.PR.L,NYSE
VNOM,NQNM
VNQ,PACF
VNQI,NQNM
VNR,NQNM
VNRAP,NQNM
VNRBP,NQNM
VNRCP,NQNM
VNRX,AMEX
VNTV,NYSE
VO,PACF
VOC,NYSE
VOD,NQNM
VOE,PACF
VONE,NQNM
VONG,NQNM
VONV,NQNM
VOO,PACF
VOOG,PACF
VOOV,PACF
VOT,PACF
VOX,PACF
VOXX,NQNM
VOYA,NYSE
VPG,NYSE
VPL,PACF
VPU,PACF
VPV,NYSE
VQT,PACF
VR,NYSE
VR.PR.A,NYSE
VRA,NQNM
VRAY,NQNM
VRIG,NQNM
VRML,NQSC
VRNS,NQNM
VRNT,NQNM
VRP,PACF
VRS,NYSE
VRSK,NQNM
VRSN,NQNM
VRTB,NQSC
VRTS,NQNM
VRTU,NQNM
VRTV,NYSE
VRTX,NQNM
VRX,NYSE
VSAR,NQNM
VSAT,NQNM
VSEC,NQNM
VSH,NYSE
VSI,NYSE
VSLR,NYSE
VSM,NYSE
VSR,AMEX
VSS,PACF
VSTM,NQNM
VSTO,NYSE
VT,PACF
VTA,NYSE
VTEB,PACF
VTGN,NQSC
VTHR,NQNM
VTI,PACF
VTIP,NQNM
VTL,NQNM
VTN,NYSE
VTNR,NQSC
VTR,NYSE
VTRB,NYSE
VTTI,NYSE
VTV,PACF
VTVT,NQNM
VTWG,NQNM
VTWO,NQNM
VTWV,NQNM
VUG,PACF
VUSE,NQNM
VUZI,NQSC
VV,PACF
VVC,NYSE
VVI,NYSE
VVPR,NQSC
VVR,NYSE
VVUS,NQNM
VVV,NYSE
VWO,PACF
VWOB,NQNM
VWR,NQNM
VXF,PACF
VXUS,NQNM
VXX,PACF
VXZ,PACF
VYGR,NQNM
VYM,PACF
VYMI,NQNM
VZ,NYSE
VZA,NYSE
W,NYSE
WAAS,NYSE
WAB,NYSE
WABC,NQNM
WAC,NYSE
WAFD,NQNM
WAGE,NYSE
WAIR,NYSE
WAL,NYSE
WALA,NYSE
WASH,NQNM
WAT,NYSE
WATT,NQSC
WAYN,NQNM
WB,NQNM
WBA,NQNM
WBAI,NYSE
WBB,NQSC
WBC,NYSE
WBIA,PACF
WBIB,PACF
WBIC,PACF
WBID,PACF
WBIE,PACF
WBIF,PACF
WBIG,PACF
WBIH,PACF
WBII,PACF
WBIL,PACF
WBIR,PACF
WBIY,PACF
WBK,NYSE
WBKC,NQSC
WBMD,NQNM
WBS,NYSE
WBS.PR.E,NYSE
WCC,NYSE
WCFB,NQSC
WCG,NYSE
WCIC,NYSE
WCN,NYSE
WCST,NQSC
WD,NYSE
WDAY,NYSE
WDC,NQNM
WDFC,NQNM
WDIV,PACF
WDR,NYSE
WDRW,PACF
WDTI,PACF
WEA,NYSE
WEAR,BATS
WEAT,PACF
WEB,NQNM
WEBK,NQSC
WEC,NYSE
WEN,NQNM
WERN,NQNM
WES,NYSE
WETF,NQNM
WEX,NYSE
WEYS,NQNM
WF,NYSE
WFBI,NQSC
WFC,NYSE
WFC.PR.J,NYSE
WFC.PR.L,NYSE
WFC.PR.N,NYSE
WFC.PR.O,NYSE
WFC.PR.P,NYSE
WFC.PR.Q,NYSE
WFC.PR.R,NYSE
WFC.PR.T,NYSE
WFC.PR.V,NYSE
WFC.PR.W,NYSE
WFC.PR.X,NYSE
WFC.WS,NYSE
WFE.PR.A,NYSE
WFHY,BATS
WFIG,BATS
WFM,NQNM
WFT,NYSE
WG,NYSE
WGBS,NQSC
WGL,NYSE
WGO,NYSE
WGP,NYSE
WHF,NQNM
WHFBL,NQNM
WHG,NYSE
WHLM,NQSC
WHLR,NQSC
WHLRD,NQSC
WHLRP,NQSC
WHLRW,NQSC
WHR,NYSE
WIA,NYSE
WIFI,NQNM
WIL,PACF
WILC,NQSC
WILN,NQNM
WIN,NQNM
WINA,NQNM
WING,NQNM
WINS,NQSC
WINT,NQSC
WIP,PACF
WIRE,NQNM
WIT,NYSE
WIW,NYSE
WIX,NQNM
WIZD,NQBB
WK,NYSE
WKHS,NQSC
WLB,NQNM
WLDN,NQNM
WLFC,NQNM
WLH,NYSE
WLK,NYSE
WLKP,NYSE
WLL,NYSE
WLTW,NQNM
WM,NYSE
WMAR,NQNM
WMB,NYSE
WMC,NYSE
WMCR,PACF
WMGI,NQNM
WMGIZ,NQNM
WMIH,NQSC
WMK,NYSE
WMLP,NYSE
WMS,NYSE
WMT,NYSE
WMW,PACF
WNC,NYSE
WNEB,NQNM
WNR,NYSE
WNRL,NYSE
WNS,NYSE
WOOD,NQNM
WOOF,NQNM
WOR,NYSE
WPC,NYSE
WPCS,NQSC
WPG,NYSE
WPG.PR.H,NYSE
WPG.PR.I,NYSE
WPPGY,NQNM
WPRT,NQNM
WPS,PACF
WPT,NYSE
WPX,NYSE
WPXP,NYSE
WPZ,NYSE
WR,NYSE
WRB,NYSE
WRB.PR.B,NYSE
WRB.PR.C,NYSE
WRB.PR.D,NYSE
WRD,NYSE
WRE,NYSE
WREI,PACF
WRI,NYSE
WRK,NYSE
WRLD,NQNM
WRN,AMEX
WSBC,NQNM
WSBF,NQNM
WSFS,NQNM
WSFSL,NQNM
WSKY,PACF
WSM,NYSE
WSO,NYSE
WSO.B,NYSE
WSR,NYSE
WST,NYSE
WSTC,NQNM
WSTG,NQNM
WSTL,NQSC
WTBA,NQNM
WTFC,NQNM
WTFCM,NQNM
WTI,NYSE
WTID,PACF
WTIU,PACF
WTM,NYSE
WTR,NYSE
WTRX,PACF
WTS,NYSE
WTT,AMEX
WTW,NYSE
WU,NYSE
WUBA,NYSE
WVE,NQNM
WVFC,NQNM
WVVI,NQSC
WWAV,NYSE
WWD,NQNM
WWE,NYSE
WWW,NYSE
WY,NYSE
WYDE,BATS
WYIG,NQSC
WYN,NYSE
WYNN,NQNM
WYY,AMEX
X,NYSE
XAR,PACF
XBI,PACF
XBIO,NQSC
XBIT,NQNM
XBKS,NQNM
XCEM,PACF
XCO,NYSE
XCRA,NQNM
XD,BATS
XE,BATS
XEC,NYSE
XEL,NYSE
XELB,NQNM
XENE,NQNM
XENT,NQNM
XES,PACF
XF,BATS
XFTB,NQBB
XGTI,NQSC
XGTIW,NQSC
XH,BATS
XHB,PACF
XHE,PACF
XHR,NYSE
XHS,PACF
XI,BATS
XIN,NYSE
XINA,PACF
XITK,PACF
XIV,NQNM
XIVH,PACF
XK,BATS
XKE,NYSE
XL,NYSE
XLB,PACF
XLE,PACF
XLF,PACF
XLG,PACF
XLI,PACF
XLK,PACF
XLNX,NQNM
XLP,PACF
XLRE,PACF
XLRN,NQNM
XLU,PACF
XLV,PACF
XLY,PACF
XM,BATS
XME,PACF
XMLV,PACF
XMPT,PACF
XNCR,NQNM
XNET,NQNM
XNY,NYSE
XOG,NQNM
XOM,NYSE
XOMA,NQNM
XON,NYSE
XONE,NQNM
XOP,PACF
XOXO,NYSE
XPH,PACF
XPL,AMEX
XPLR,NQSC
XPO,NYSE
XPP,PACF
XRA,AMEX
XRAY,NQNM
XRDC,NQSC
XRLV,PACF
XRM,NYSE
XRT,PACF
XRX,NYSE
XS,BATS
XSD,PACF
XSHD,BATS
XSLV,PACF
XSOE,PACF
XSW,PACF
XT,PACF
XTH,PACF
XTL,PACF
XTLB,NQSC
XTLY,NYSE
XTN,PACF
XTNT,AMEX
XU,BATS
XVZ,PACF
XWEB,PACF
XXIA,NQNM
XXII,AMEX
XYL,NYSE
Y,NYSE
YANG,PACF
YAO,PACF
YCL,PACF
YCS,PACF
YDIV,NQNM
YDKN,NYSE
YECO,NQSC
YELP,NYSE
YGE,NYSE
YGRO,PACF
YHOO,NQNM
YIN,NQNM
YINN,PACF
YLCO,NQNM
YLD,PACF
YMLI,PACF
YMLP,PACF
YNDX,NQNM
YORW,NQNM
YPF,NYSE
YRCW,NQNM
YRD,NYSE
YTRA,NQSC
YUM,NYSE
YUMA,AMEX
YUMC,NYSE
YUME,NYSE
YXI,PACF
YY,NQNM
YYY,PACF
YZC,NYSE
Z,NQNM
ZAGG,NQNM
ZAIS,NQSC
ZAYO,NYSE
ZB.PR.A,NYSE
ZB.PR.F,NYSE
ZB.PR.G,NYSE
ZB.PR.H,NYSE
ZBH,NYSE
ZBIO,NQNM
ZBK,NYSE
ZBRA,NQNM
ZDGE,AMEX
ZEN,NYSE
ZEUS,NQNM
ZF,NYSE
ZFGN,NQNM
ZG,NQNM
ZGNX,NQNM
ZION,NQNM
ZIONW,NQNM
ZIONZ,NQNM
ZIOP,NQSC
ZIV,NQNM
ZIXI,NQNM
ZLTQ,NQNM
ZMLP,PACF
ZN,NQNM
ZNGA,NQNM
ZNH,NYSE
ZOES,NYSE
ZPIN,NYSE
ZROZ,PACF
ZSAN,NQSC
ZSL,PACF
ZSML,PACF
ZTO,NYSE
ZTR,NYSE
ZTS,NYSE
ZUMZ,NQNM
ZX,NYSE
ZYNE,NQNM